protein_id	protein_description	protein_length	Peptide	start_position	end_position	last_aa	aa_after	aa_before	following_10_resid	previous_10_resid	semi_type	general_position	specificity	is_terminal	Genes	prev_10_pad	following_10_pad	cleave_area	cleave_area20	len_20	len_clearea	len_follow	len_prev	len_followpad	len_prevpad
P07339	Cathepsin D	412	EGPIPEVLK	64	72	K	N	T	NYMDAQYYGE	KYSQAVPAVT	semi_Nterm	not_terminal	semi_specific	not_terminal	P07339	KYSQAVPAVT	NYMDAQYYGE	KYSQAVPAVTEGPIPEVLKNYMDAQYYGE	KYSQAVPAVTEGPIPEVLKN	20	29	10	10	10	10
P02768	Serum albumin	609	PADLPSLAADFVESK	323	337	K	D	M	DVCKNYAEAK	CIAEVENDEM	semi_Nterm	not_terminal	semi_specific	not_terminal	P02768	CIAEVENDEM	DVCKNYAEAK	CIAEVENDEMPADLPSLAADFVESKDVCKNYAEAK	CIAEVENDEMPADLPSLAAD	20	35	10	10	10	10
P02458	Collagen alpha-1(II) chain	1487	PGERGETGPPGPAGFAGPPGADGQPGAK	821	848	K	G	A	GEQGEAGQKG	PAGSAGARGA	semi_Nterm	not_terminal	semi_specific	not_terminal	P02458	PAGSAGARGA	GEQGEAGQKG	PAGSAGARGAPGERGETGPPGPAGFAGPPGADGQPGAKGEQGEAGQKG	PAGSAGARGAPGERGETGPP	20	48	10	10	10	10
P14136	Glial fibrillary acidic protein	432	SGEMMVGGLAPGRR	17	30	R	L	S	LGPGTRLSLA	TSAARRSYVS	semi_Nterm	not_terminal	semi_specific	not_terminal	P14136	TSAARRSYVS	LGPGTRLSLA	TSAARRSYVSSGEMMVGGLAPGRRLGPGTRLSLA	TSAARRSYVSSGEMMVGGLA	20	34	10	10	10	10
P00387	NADH-cytochrome b5 reductase 3	301	TLDRAPEAWDYGQGFVNEEMIR	238	259	R	D	Y	DHLPPPEEEP	KHSARFKLWY	semi_Nterm	not_terminal	semi_specific	not_terminal	P00387	KHSARFKLWY	DHLPPPEEEP	KHSARFKLWYTLDRAPEAWDYGQGFVNEEMIRDHLPPPEEEP	KHSARFKLWYTLDRAPEAWD	20	42	10	10	10	10
P08670	Vimentin	466	VSKPDLTAALR	260	270	R	D	D	DVRQQYESVA	QEQHVQIDVD	semi_Nterm	not_terminal	semi_specific	not_terminal	P08670	QEQHVQIDVD	DVRQQYESVA	QEQHVQIDVDVSKPDLTAALRDVRQQYESVA	QEQHVQIDVDVSKPDLTAAL	20	31	10	10	10	10
P14136	Glial fibrillary acidic protein	432	VSSGEMMVGGLAPGRR	15	30	R	L	Y	LGPGTRLSLA	RITSAARRSY	semi_Nterm	not_terminal	semi_specific	not_terminal	P14136	RITSAARRSY	LGPGTRLSLA	RITSAARRSYVSSGEMMVGGLAPGRRLGPGTRLSLA	RITSAARRSYVSSGEMMVGG	20	36	10	10	10	10
Q14956	Transmembrane glycoprotein NMB	572	DVYVVTDQIPVFVTM	228	242	M	F	K	FQKNDRNSSD	RAYVPIAQVK	semi_Cterm	not_terminal	semi_specific	not_terminal	Q14956	RAYVPIAQVK	FQKNDRNSSD	RAYVPIAQVKDVYVVTDQIPVFVTMFQKNDRNSSD	TDQIPVFVTMFQKNDRNSSD	20	35	10	10	10	10
P04004	Vitronectin	478	GNPEQTPVLKPEEEAPAPEVG	108	128	G	A	K	ASKPEGIDSR	LTSDLQAQSK	semi_Cterm	not_terminal	semi_specific	not_terminal	P04004	LTSDLQAQSK	ASKPEGIDSR	LTSDLQAQSKGNPEQTPVLKPEEEAPAPEVGASKPEGIDSR	EEEAPAPEVGASKPEGIDSR	20	41	10	10	10	10
P14136	Glial fibrillary acidic protein	432	ITIPVQTFSNL	377	387	L	Q	R	QIRETSLDTK	RKLLEGEENR	semi_Cterm	not_terminal	semi_specific	not_terminal	P14136	RKLLEGEENR	QIRETSLDTK	RKLLEGEENRITIPVQTFSNLQIRETSLDTK	TIPVQTFSNLQIRETSLDTK	20	31	10	10	10	10
P14136	Glial fibrillary acidic protein	432	LEEEGQSLKD	331	340	D	E	R	EMARHLQEYQ	AASYQEALAR	semi_Cterm	not_terminal	semi_specific	not_terminal	P14136	AASYQEALAR	EMARHLQEYQ	AASYQEALARLEEEGQSLKDEMARHLQEYQ	LEEEGQSLKDEMARHLQEYQ	20	30	10	10	10	10
P08670	Vimentin	466	MFGGPGTASRPSS	14	26	S	S	R	SRSYVTTSTR	RSVSSSSYRR	semi_Cterm	not_terminal	semi_specific	not_terminal	P08670	RSVSSSSYRR	SRSYVTTSTR	RSVSSSSYRRMFGGPGTASRPSSSRSYVTTSTR	GPGTASRPSSSRSYVTTSTR	20	33	10	10	10	10
P14136	Glial fibrillary acidic protein	432	SYVSSGEMMVGGLAPG	13	28	G	R	R	RRLGPGTRLS	RRRITSAARR	semi_Cterm	not_terminal	semi_specific	not_terminal	P14136	RRRITSAARR	RRLGPGTRLS	RRRITSAARRSYVSSGEMMVGGLAPGRRLGPGTRLS	EMMVGGLAPGRRLGPGTRLS	20	36	10	10	10	10
P69905	Hemoglobin subunit alpha	142	TYFPHFDLSHGSAQVKG	42	58	G	H	K	HGKKVADALT	RMFLSFPTTK	semi_Cterm	not_terminal	semi_specific	not_terminal	P69905	RMFLSFPTTK	HGKKVADALT	RMFLSFPTTKTYFPHFDLSHGSAQVKGHGKKVADALT	LSHGSAQVKGHGKKVADALT	20	37	10	10	10	10
P14136	Glial fibrillary acidic protein	432	VDFSLAGALN	50	59	N	A	R	AGFKETRASE	ARMPPPLPTR	semi_Cterm	not_terminal	semi_specific	not_terminal	P14136	ARMPPPLPTR	AGFKETRASE	ARMPPPLPTRVDFSLAGALNAGFKETRASE	VDFSLAGALNAGFKETRASE	20	30	10	10	10	10
