gene_variant	variant_type	variant_location	peptide	peptide_start_position	peptide_end_position	protein_id_var	ense_id	gene	protein_description
CAST_C450S	saav	C450S	AAAPAPVSEAVSR	439	451	ENSP00000379157_C450S.K684R	ENSP00000379157	CAST	calpastatin
FBLN1_Q141R	saav	Q141R	AAQAQGQSCEYSLMVGYQCGQVFR	118	141	ENSP00000331544_Q141R.D162H	ENSP00000331544	FBLN1	fibulin 1
HOMER3_S339R	saav	S339R	AAQLLDVR	332	339	ENSP00000221222_V138G.V231L.S339R	ENSP00000221222	HOMER3	homer homolog 3 (Drosophila)
PADI4_V82A	saav	V82A	AASGSTGDQK	82	91	ENSP00000364597_G55S.V82A.G112A	ENSP00000364597	PADI4	peptidyl arginine deiminase, type IV
AKAP12_E1600D	saav	E1600D	ADSQDAGQETEKEGEDPQASAQDETPITSAK	1585	1615	ENSP00000253332_K117E.K216Q.E920G.P1183R.E1355K.V1582M.E1600D	ENSP00000253332	AKAP12	A kinase (PRKA) anchor protein 12
MMRN2_G49S	saav	G49S	AEAEDTSKDPVGR	43	55	ENSP00000361097_G49S.H731D	ENSP00000361097	MMRN2	multimerin 2
RRBP1_K430R	saav	K430R	AEGAQNQGRK	422	431	ENSP00000246043_K430R.K440R.Q446P.G449D.K450R.K460R.Q476P.A688S.L1043H.S1199L.V1254F	ENSP00000246043	RRBP1	ribosome binding protein 1
VWF_T789A	saav	T789A	AEGLECAK	783	790	ENSP00000261405_G19A.G74V.G220R.G386V.H484R.T789A.Q852R.D896Y.T1381A.R1399H.D1472H.G1771V.V2517L.G2630C.C2719S.E2720K	ENSP00000261405	VWF	von Willebrand factor
ESD_G190E	saav	G190E	AFSEYLGTDQSK	187	198	ENSP00000367992_R86L.G190E	ENSP00000367992	ESD	esterase D
NA_V272A	saav	V272A	AIDCLEDEK	272	280	ENSP00000336775_V272A.V330I.P567L.P761L.D901N.P1059L.R1067P.S1077L.S1090L.G1345A.E1386G	ENSP00000336775	NA	synemin, intermediate filament protein
CPT2_M647V	saav	M647V	ALEDVFDALEGK	643	654	ENSP00000360541_V368I.M647V	ENSP00000360541	CPT2	carnitine palmitoyltransferase 2
IGKV2-28_S61P	saav	S61P	APGVPDR	60	66	ENSP00000484499_P18A.N33D.Y35D.L38V.Q50H.S61P.G71E	ENSP00000484499	IGKV2-28	immunoglobulin kappa variable 2-28
GAA_R223H	saav	R223H	APSPLYSVEFSEEPFGVIVHR	204	224	ENSP00000374665_H199R.R223H.E689K.V780I	ENSP00000374665	GAA	glucosidase, alpha; acid
PLIN3_V275A	saav	V275A	AQEALLQLSQALSLMETVK	265	283	ENSP00000221957_I56V.V117A.V275A	ENSP00000221957	PLIN3	perilipin 3
POLR2E_S44F	saav	S44F	AQFGDKPSEGRPR	42	54	ENSP00000215587_S44F	ENSP00000215587	POLR2E	polymerase (RNA) II (DNA directed) polypeptide E, 25kDa
RPL8_I98V	saav	I98V	AQLNVGNVLPVGTMPEGTIVCCLEEKPGDR	94	123	ENSP00000378378_D47N.I98V.G167V	ENSP00000378378	RPL8	ribosomal protein L8
NPEPL1_L513V	saav	L513V	ASEDPLLNLVSPLGCEVDVEEGDVGR	490	515	ENSP00000348395_L513V	ENSP00000348395	NPEPL1	aminopeptidase-like 1
IGKV2D-28_G91E	saav	G91E	ASGVPDRFSGSESGTDFTLK	80	99	ENSP00000393492_V23A.P32S.H51Y.S52G.N53D.Y55D.L58V.K64R.Y74F.N78T.G91E	ENSP00000393492	IGKV2D-28	immunoglobulin kappa variable 2D-28
NSFL1C_D290N	saav	D290N	ASSSILINESEPTTNIQIR	283	301	ENSP00000216879_D290N	ENSP00000216879	NSFL1C	NSFL1 (p97) cofactor (p47)
WASH4P_H420D	saav	H420D	ATSQGGDLMSDLFNK	414	428	ENSP00000317542_C33R.Q140H.L273F.I276S.V307A.H420D	ENSP00000317542	WASH4P	WAS protein family homolog 4 pseudogene
NCAM2_L332P	saav	L332P	AVDGFTFTEGDKSPDGR	319	335	ENSP00000284894_L332P.E443G	ENSP00000284894	NCAM2	neural cell adhesion molecule 2
F13A1_V35L	saav	V35L	AVPPNNSNAAEDDLPTVELQGLVPR	14	38	ENSP00000264870_V35L.P565L	ENSP00000264870	F13A1	coagulation factor XIII, A1 polypeptide
NES_V130A	saav	V130A	AWLSSQAAELER	124	135	ENSP00000357206_V130A.V815I.P1101L.R1133S.P1275L	ENSP00000357206	NES	nestin
NES_V130A	saav	V130A	AWLSSQAAELERELEALR	124	141	ENSP00000357206_V130A.V815I.P1101L.R1133S.P1275L	ENSP00000357206	NES	nestin
PRAP1_H260R	saav	H260R	AWMETEDTLGR	250	260	ENSP00000357542_H260R	ENSP00000357542	PRAP1	proline-rich acidic protein 1
APOE_R176C	saav	R176C	CLAVYQAGAR	176	185	ENSP00000252486_R176C	ENSP00000252486	APOE	apolipoprotein E
GSPT1_G92C	saav	G92C	CPAAPPPPAGGAANNHGAGSGAGGR	92	116	ENSP00000398131_G92C.V100A.Y234F.Y260C.K622N	ENSP00000398131	GSPT1	G1 to S phase transition 1
GSPT1_V100A	saav	V100A	CPAAPPPPAGGAANNHGAGSGAGGR	92	116	ENSP00000398131_G92C.V100A.Y234F.Y260C.K622N	ENSP00000398131	GSPT1	G1 to S phase transition 1
POTEE_G973D	saav	G973D	CPEALFQPCFLGMESCDIHETTFNSIMKSDVDIR	957	990	ENSP00000439189_E867D.G973D	ENSP00000439189	POTEE	POTE ankyrin domain family, member E
GBP1_A409G	saav	A409G	CSGLLQVIFSPLEEEVK	407	423	ENSP00000359504_G64A.S213N.T349S.A409G	ENSP00000359504	GBP1	guanylate binding protein 1, interferon-inducible
ASAH1_V246A	saav	V246A	DAMWIGFLTR	245	254	ENSP00000262097_V72M.I93V.V246A	ENSP00000262097	ASAH1	N-acylsphingosine amidohydrolase (acid ceramidase) 1
PIKFYVE_Q1183K	saav	Q1183K	DASSTSSGK	1175	1183	ENSP00000264380_M617V.S696N.L932S.Q995L.T998S.S1033A.Q1183K	ENSP00000264380	PIKFYVE	phosphoinositide kinase, FYVE finger containing
NRCAM_P545A	saav	P545A	DATWIVK	544	550	ENSP00000401244_P545A	ENSP00000401244	NRCAM	neuronal cell adhesion molecule
ASNS_V210E	saav	V210E	DEPLHALYDNVEK	209	221	ENSP00000377845_V210E	ENSP00000377845	ASNS	asparagine synthetase (glutamine-hydrolyzing)
ECI2_M17I	saav	M17I	DFENSINQVK	12	21	ENSP00000354737_M17I.G161V.A314V	ENSP00000354737	ECI2	enoyl-CoA delta isomerase 2
RAPGEF1_R648S	saav	R648S	DGSESAPK	644	651	ENSP00000361263_R648S.R832S.W892C	ENSP00000361263	RAPGEF1	Rap guanine nucleotide exchange factor (GEF) 1
PGM2L1_V531I	saav	V531I	DITTGYDSSQPNKK	530	543	ENSP00000298198_V531I	ENSP00000298198	PGM2L1	phosphoglucomutase 2-like 1
A2M_N639D	saav	N639D	DLTGFPGPLNDQDDEDCINR	626	645	ENSP00000323929_V91F.D169Y.V618P.N639D.D672H.G924V.G952V.I1000V.G1011V.D1253N.V1422L	ENSP00000323929	A2M	alpha-2-macroglobulin
AARS_T181M	saav	T181M	DNFWEMGDMGPCGPCSEIHYDR	173	194	ENSP00000261772_T181M.A763P.V841W	ENSP00000261772	AARS	alanyl-tRNA synthetase
NPC1_H215R	saav	H215R	DNGQAPFTITPVFSDFPVR	197	215	ENSP00000269228_V20G.H215R.M642I.I858V	ENSP00000269228	NPC1	Niemann-Pick disease, type C1
TSPO_R162H	saav	R162H	DNHGWHGGR	157	165	ENSP00000338004_T147A.R162H	ENSP00000338004	TSPO	translocator protein (18kDa)
ITIH4_I171N	saav	I171N	DQFNLNVFSTEATQWRPSLVPASAENVNK	166	194	ENSP00000395634_I171N.G206E.A525E	ENSP00000395634	ITIH4	inter-alpha-trypsin inhibitor heavy chain family, member 4
THRAP3_A201V	saav	A201V	DSRPSQAAGDNQGDEVK	186	202	ENSP00000433825_S46I.A201V.T286A.R677G	ENSP00000433825	THRAP3	thyroid hormone receptor associated protein 3
THRAP3_A201V	saav	A201V	DSRPSQAAGDNQGDEVKEQTFSGGTSQDTK	186	215	ENSP00000433825_S46I.A201V.T286A.R677G	ENSP00000433825	THRAP3	thyroid hormone receptor associated protein 3
SLC16A1_D490E	saav	D490E	DTEGGPK	488	494	ENSP00000358640_G410V.D490E	ENSP00000358640	SLC16A1	solute carrier family 16 (monocarboxylate transporter), member 1
MTHFD1_K134R	saav	K134R	DVDGLTSINAGR	123	134	ENSP00000216605_K134R.P242S.P328L.R653Q	ENSP00000216605	MTHFD1	methylenetetrahydrofolate dehydrogenase (NADP+ dependent) 1, methenyltetrahydrofolate cyclohydrolase, formyltetrahydrofolate synthetase
TRAP1_R307G	saav	R307G	DVGEWQHEEFYR	305	316	ENSP00000246957_R13C.A297P.R307G.G389A.D395E.E462Q.A608S	ENSP00000246957	TRAP1	TNF receptor-associated protein 1
CSPG4_R1842Q	saav	R1842Q	DVNERPPQPQASVPLQLTR	1827	1845	ENSP00000312506_V1651L.R1703H.R1842Q	ENSP00000312506	CSPG4	chondroitin sulfate proteoglycan 4
FAHD1_D110N	saav	D110N	DVQNECK	107	113	ENSP00000372114_D110N	ENSP00000372114	FAHD1	fumarylacetoacetate hydrolase domain containing 1
LTF_E579D	saav	E579D	DVTVLQNTDGNNNDAWAK	566	583	ENSP00000231751_A29T.K47R.C217Y.E579D.A637S	ENSP00000231751	LTF	lactotransferrin
AP2S1_V110D	saav	V110D	DYTVVDEMFLAGEIR	110	124	ENSP00000263270_V110D	ENSP00000263270	AP2S1	adaptor-related protein complex 2, sigma 1 subunit
PRKCA_V568I	saav	V568I	EAVSICK	564	570	ENSP00000408695_E508G.Q535H.V568I	ENSP00000408695	PRKCA	protein kinase C, alpha
ANXA6_V525L	saav	V525L	EDAQLAAEILEIADTPSGDKTSLETR	521	546	ENSP00000346550_D69Y.G107C.G380E.V525L.G614C.G655C	ENSP00000346550	ANXA6	annexin A6
CHD4_G267	saav	G267	EGKGPNAR	264	271	ENSP00000349508_E139D.G267.A1156S	ENSP00000349508	CHD4	chromodomain helicase DNA binding protein 4
RRBP1_S1199L	saav	S1199L	EHTLHLEAELEK	1196	1207	ENSP00000246043_K430R.K440R.Q446P.G449D.K450R.K460R.Q476P.A688S.L1043H.S1199L.V1254F	ENSP00000246043	RRBP1	ribosome binding protein 1
SLITRK6_P452S	saav	P452S	EILSGTFNPMPK	449	460	ENSP00000383143_P452S	ENSP00000383143	SLITRK6	SLIT and NTRK-like family, member 6
AKAP12_E1355K	saav	E1355K	EKTEAEPTHVNK	1344	1355	ENSP00000253332_K117E.K216Q.E920G.P1183R.E1355K.V1582M.E1600D	ENSP00000253332	AKAP12	A kinase (PRKA) anchor protein 12
NA_N468K	saav	N468K	ELEELQNK	461	468	ENSP00000346109_C108Y.R303L.N468K	ENSP00000346109	NA	selenoprotein N, 1
CAP1_C229G	saav	C229G	ELSGLPSGPSAGSGPPPPPPGPPPPPVSTSSGSDESASR	216	254	ENSP00000361878_V115L.M146I.C229G.C236G.I245S.C247G.Y249D.S256A	ENSP00000361878	CAP1	CAP, adenylate cyclase-associated protein 1 (yeast)
CAP1_C236G	saav	C236G	ELSGLPSGPSAGSGPPPPPPGPPPPPVSTSSGSDESASR	216	254	ENSP00000361878_V115L.M146I.C229G.C236G.I245S.C247G.Y249D.S256A	ENSP00000361878	CAP1	CAP, adenylate cyclase-associated protein 1 (yeast)
CAP1_I245S	saav	I245S	ELSGLPSGPSAGSGPPPPPPGPPPPPVSTSSGSDESASR	216	254	ENSP00000361878_V115L.M146I.C229G.C236G.I245S.C247G.Y249D.S256A	ENSP00000361878	CAP1	CAP, adenylate cyclase-associated protein 1 (yeast)
CAP1_C247G	saav	C247G	ELSGLPSGPSAGSGPPPPPPGPPPPPVSTSSGSDESASR	216	254	ENSP00000361878_V115L.M146I.C229G.C236G.I245S.C247G.Y249D.S256A	ENSP00000361878	CAP1	CAP, adenylate cyclase-associated protein 1 (yeast)
CAP1_Y249D	saav	Y249D	ELSGLPSGPSAGSGPPPPPPGPPPPPVSTSSGSDESASR	216	254	ENSP00000361878_V115L.M146I.C229G.C236G.I245S.C247G.Y249D.S256A	ENSP00000361878	CAP1	CAP, adenylate cyclase-associated protein 1 (yeast)
PCMT1_V178I	saav	V178I	ELVDDSINNVR	172	182	ENSP00000356348_V178I	ENSP00000356348	PCMT1	protein-L-isoaspartate (D-aspartate) O-methyltransferase
SDPR_Q174E	saav	Q174E	EPVSGAVEGK	174	183	ENSP00000305675_Q174E.A343P	ENSP00000305675	SDPR	serum deprivation response
PLEC_R1386Q	saav	R1386Q	EQLQQEQALLEEIER	1383	1397	ENSP00000323856_A641V.R1386Q.H1459R.A2194V.A2560T.S2791P.R2821W.I2865V.R2969H	ENSP00000323856	PLEC	plectin
AIP_Q228K	saav	Q228K	EQPGSPEWIQLDK	216	228	ENSP00000279146_K33N.Q228K	ENSP00000279146	AIP	aryl hydrocarbon receptor interacting protein
AKAP17A_P500A	saav	P500A	ESAAHPEADGAPK	498	510	ENSP00000324827_P500A	ENSP00000324827	AKAP17A	A kinase (PRKA) anchor protein 17A
IGHM_G326S	saav	G326S	ESDWLSQSMFTCR	321	333	ENSP00000484861_E2Q.R6H.Q18R.V21M.L130Q.T132F.G326S	ENSP00000484861	IGHM	immunoglobulin heavy constant mu
PLIN3_I56V	saav	I56V	ESYPHVK	51	57	ENSP00000221957_I56V.V117A.V275A	ENSP00000221957	PLIN3	perilipin 3
NEFH_E463K	saav	E463K	ETVIVEEQTEK	453	463	ENSP00000311997_E463K.P615L	ENSP00000311997	NEFH	neurofilament, heavy polypeptide
SPTB_S439N	saav	S439N	ETWLNENQR	435	443	ENSP00000374371_S439N.P1026H.N1151D.D1229Y	ENSP00000374371	SPTB	spectrin, beta, erythrocytic
ADAP1_G241S	saav	G241S	FHYLQVAFPGASDADLVPK	230	248	ENSP00000265846_G241S	ENSP00000265846	ADAP1	ArfGAP with dual PH domains 1
HLA-DPA1_F191V	saav	F191V	FHYLTFVPSAEDVYDCR	179	195	ENSP00000390929_F191V	ENSP00000390929	HLA-DPA1	major histocompatibility complex, class II, DP alpha 1
IGLV3-21_N84S	saav	N84S	FSGSSSGNTATLTISR	80	95	ENSP00000374843_G16A.V29L.R38S.T40P.Y67F.S70T.D71A.G75W.N84S	ENSP00000374843	IGLV3-21	immunoglobulin lambda variable 3-21
WDR1_I185V	saav	I185V	FTVGDHSR	183	190	ENSP00000427687_I185V.D466Y	ENSP00000427687	WDR1	WD repeat domain 1
SAMM50_I345V	saav	I345V	FYLGGPTSVR	337	346	ENSP00000345445_D110G.D335E.I345V	ENSP00000345445	SAMM50	SAMM50 sorting and assembly machinery component
MTPN_A63S	saav	A63S	GADINSPDK	58	66	ENSP00000376800_A63S	ENSP00000376800	MTPN	myotrophin
COPRS_S43G	saav	S43G	GAPPSPEAGFATADHSGQER	27	46	ENSP00000304327_S43G	ENSP00000304327	COPRS	coordinator of PRMT5, differentiation stimulator
FN1_V2139I	saav	V2139I	GATYNIIVEALK	2134	2145	ENSP00000338200_Q15L.T817P.G1357D.V1784E.V2139I.R2218I.G2296C	ENSP00000338200	FN1	fibronectin 1
FN1_V2139I	saav	V2139I	GATYNIIVEALKDQQR	2134	2149	ENSP00000338200_Q15L.T817P.G1357D.V1784E.V2139I.R2218I.G2296C	ENSP00000338200	FN1	fibronectin 1
FCGBP_R1916H	saav	R1916H	GCVLDVCMGGGDHDILCK	1904	1921	ENSP00000481056_V552G.V944W.E1160G.H1266R.V1340L.S1438N.E1439A.A1592V.P1705L.V1756L.T1775A.R1916H.S2183T.H2467R.V2532L.V2541L.A2568T.L2586Q.D2646H.H2719Q.N2725T.Q2735P.V2814A.T2842N.R3117H.V3726F.V3984L.V4112L	ENSP00000481056	FCGBP	Fc fragment of IgG binding protein
CHI3L1_R145G	saav	R145G	GDKQHFTTLIK	145	155	ENSP00000255409_R145G	ENSP00000255409	CHI3L1	chitinase 3-like 1 (cartilage glycoprotein-39)
PALM_T107A	saav	T107A	GDSAPAAAK	101	109	ENSP00000341911_T107A.Q140A	ENSP00000341911	PALM	paralemmin
PALM_T107A	saav	T107A	GDSAPAAAKENAAAPSPVR	101	119	ENSP00000341911_T107A.Q140A	ENSP00000341911	PALM	paralemmin
CA3_V31I	saav	V31I	GENQSPIELHTK	25	36	ENSP00000285381_V31I	ENSP00000285381	CA3	carbonic anhydrase III, muscle specific
ANXA11_R197C	saav	R197C	GFGTDEQAIIDCLGSCSNK	182	200	ENSP00000265447_R197C.G413W	ENSP00000265447	ANXA11	annexin A11
COL3A1_A698T	saav	A698T	GGTGPPGPEGGK	696	707	ENSP00000304408_M299I.M398I.K503R.A698T.E1175A.H1353Q	ENSP00000304408	COL3A1	collagen, type III, alpha 1
TNC_Q539R	saav	Q539R	GLCVDGQCVCEDGFTGPDCAELSCPNDCHGR	509	539	ENSP00000443478_G153V.Q539R.Q680R.R802L.G892D.R1066H.G1113D.T1114A.E1293*	ENSP00000443478	TNC	tenascin C
NA_G138	saav	G138	GLETFSQLVWK	138	148	ENSP00000268097_G138.G269V.I436V.G444V.R509S	ENSP00000268097	NA	hexosaminidase A (alpha polypeptide)
IGHV3-7_Q72E	saav	Q72E	GLEWVANIKEDGSEK	63	77	ENSP00000375007_Q72E.Y78N	ENSP00000375007	IGHV3-7	immunoglobulin heavy variable 3-7
CDCP1_D709G	saav	D709G	GPAVGIYNGNINTEMPRQPK	701	720	ENSP00000296129_Q525R.A673V.D709G	ENSP00000296129	CDCP1	CUB domain containing protein 1
FAM63A_T433K	saav	T433K	GPGAEGGSGSPEK	421	433	ENSP00000354669_K44E.R89S.T433K	ENSP00000354669	FAM63A	family with sequence similarity 63, member A
SAA1_A70V	saav	A70V	GPGGVWAAEAISDAR	66	80	ENSP00000348918_A70V.V75A.T77S	ENSP00000348918	SAA1	serum amyloid A1
SAA1_V75A	saav	V75A	GPGGVWAAEAISDAR	66	80	ENSP00000348918_A70V.V75A.T77S	ENSP00000348918	SAA1	serum amyloid A1
SAA1_T77S	saav	T77S	GPGGVWAAEAISDAR	66	80	ENSP00000348918_A70V.V75A.T77S	ENSP00000348918	SAA1	serum amyloid A1
AHNAK_I5483T	saav	I5483T	GPTVGGGLPGTGVQGLEGNLQMPGIK	5473	5498	ENSP00000367263_V289I.K1481R.T1576M.K1763R.D1785G.E2176D.G2527D.Q3003K.D3312E.S3724P.I5483T	ENSP00000367263	AHNAK	AHNAK nucleoprotein
NA_R764G	saav	R764G	GSSLGTPVNLAVLK	760	773	ENSP00000296526_Q222H.Q607R.R764G	ENSP00000296526	NA	glutamate receptor, ionotropic, AMPA 2
NA_K259T	saav	K259T	GTETFEPEDK	258	267	ENSP00000310966_K259T.K373E.D394N.Q504K	ENSP00000310966	NA	CD3e molecule, epsilon associated protein
SLC44A2_Q154R	saav	Q154R	GVAEVLR	148	154	ENSP00000466664_Q110H.Q154R.M565I	ENSP00000466664	SLC44A2	solute carrier family 44 (choline transporter), member 2
ITGAV_V783I	saav	V783I	GVSSPDHIFLPIPNWEHK	776	793	ENSP00000261023_L136F.Q301H.D387Y.R466M.V783I.L902F	ENSP00000261023	ITGAV	integrin, alpha V
HLA-A_R138Q	saav	R138Q	GYQQDAYDGK	136	145	ENSP00000366002_Q94H.T97I.I119V.S129P.R138Q.E176V	ENSP00000366002	HLA-A	major histocompatibility complex, class I, A
HLA-A_R138Q	saav	R138Q	GYQQDAYDGKDYIALNEDLR	136	155	ENSP00000366002_Q94H.T97I.I119V.S129P.R138Q.E176V	ENSP00000366002	HLA-A	major histocompatibility complex, class I, A
PLEC_R2969H	saav	R2969H	HGYFDEEMNR	2969	2978	ENSP00000323856_A641V.R1386Q.H1459R.A2194V.A2560T.S2791P.R2821W.I2865V.R2969H	ENSP00000323856	PLEC	plectin
ENO1_A149S	saav	A149S	HIADLAGNSEVILPVPSFNVINGGSHAGNK	133	162	ENSP00000234590_A149S.G223V	ENSP00000234590	ENO1	enolase 1, (alpha)
COL4A2_V1399I	saav	V1399I	IAIQPGTVGPQGR	1397	1409	ENSP00000353654_V105.G447C.R517K.K532N.D660Y.G683A.P718S.G735W.G920R.G1091C.G1152C.K1292N.G1293C.G1347R.V1399I.G1468C	ENSP00000353654	COL4A2	collagen, type IV, alpha 2
CALU_A82V	saav	A82V	IDVDKDGFVTEGELK	80	94	ENSP00000408838_R4Q.A82V	ENSP00000408838	CALU	calumenin
ECHS1_T75I	saav	T75I	IFEEDPAVGAIVLTGGDK	75	92	ENSP00000357535_V11A.T75I	ENSP00000357535	ECHS1	enoyl CoA hydratase, short chain, 1, mitochondrial
VWF_Q852R	saav	Q852R	IGCNTCVCR	844	852	ENSP00000261405_G19A.G74V.G220R.G386V.H484R.T789A.Q852R.D896Y.T1381A.R1399H.D1472H.G1771V.V2517L.G2630C.C2719S.E2720K	ENSP00000261405	VWF	von Willebrand factor
CSNK1A1L_D42E	saav	D42E	IGSGSFGDVYLGITTTNGEEVAVK	23	46	ENSP00000369126_D42E	ENSP00000369126	CSNK1A1L	casein kinase 1, alpha 1-like
PDLIM5_S492N	saav	S492N	ILGEVINALK	486	495	ENSP00000321746_R83V.S136F.A345T.V370L.T381A.R428K.S492N	ENSP00000321746	PDLIM5	PDZ and LIM domain 5
C3_G984V	saav	G984V	ILLQVTPVAQMTEDAVDAER	980	999	ENSP00000245907_R102G.F259V.P314L.G335A.V374M.V424F.R735W.G984V.W1077C.G1131C.G1572A	ENSP00000245907	C3	complement component 3
F13B_R115H	saav	R115H	IQENMHYGCASGYK	110	123	ENSP00000356382_R115H	ENSP00000356382	F13B	coagulation factor XIII, B polypeptide
APIP_C76Y	saav	C76Y	IQPEDMFVYDINEK	68	81	ENSP00000379133_R7W.D20N.C76Y	ENSP00000379133	APIP	APAF1 interacting protein
PDLIM5_T381A	saav	T381A	ISNSAAYSGSVAPANSALGQTQPSDQDTLVQR	376	407	ENSP00000321746_R83V.S136F.A345T.V370L.T381A.R428K.S492N	ENSP00000321746	PDLIM5	PDZ and LIM domain 5
PIP4K2A_N251S	saav	N251S	IYIDDNSK	245	252	ENSP00000365757_N251S	ENSP00000365757	PIP4K2A	phosphatidylinositol-5-phosphate 4-kinase, type II, alpha
PIP4K2A_N251S	saav	N251S	IYIDDNSKK	245	253	ENSP00000365757_N251S	ENSP00000365757	PIP4K2A	phosphatidylinositol-5-phosphate 4-kinase, type II, alpha
RRBP1_K430R	saav	K430R	KAEGAQNQGR	421	430	ENSP00000246043_K430R.K440R.Q446P.G449D.K450R.K460R.Q476P.A688S.L1043H.S1199L.V1254F	ENSP00000246043	RRBP1	ribosome binding protein 1
GLO1_E111A	saav	E111A	KATLELTHNWGTEDDATQSYHNGNSDPR	96	123	ENSP00000362463_E111A	ENSP00000362463	GLO1	glyoxalase I
AKAP12_K216Q	saav	K216Q	KDEGEGAAGAGDHQDPSLGAGEAASK	203	228	ENSP00000253332_K117E.K216Q.E920G.P1183R.E1355K.V1582M.E1600D	ENSP00000253332	AKAP12	A kinase (PRKA) anchor protein 12
MT-CYB_T7I	saav	T7I	KINPLMK	6	12	ENSP00000354554_T7I.F18L.T158A.T194A.L236I	ENSP00000354554	MT-CYB	mitochondrially encoded cytochrome b
SPTA1_K1693Q	saav	K1693Q	KKDNVNQR	1687	1694	ENSP00000357129_S1163A.K1693Q	ENSP00000357129	SPTA1	spectrin, alpha, erythrocytic 1
IMPACT_L151V	saav	L151V	KKTEEEDVECEDDLILACQPESSVK	128	152	ENSP00000284202_D125E.L151V	ENSP00000284202	IMPACT	impact RWD domain protein
MMP9_R574P	saav	R574P	KLDSVFEEPLSK	566	577	ENSP00000361405_Q279R.T474P.S478P.T482P.R574P.R668Q	ENSP00000361405	MMP9	matrix metallopeptidase 9 (gelatinase B, 92kDa gelatinase, 92kDa type IV collagenase)
RTN4_A71T	saav	A71T	KPAAGLSAAPVPTTPAAGAPLMDFGNDFVPPAPR	58	91	ENSP00000337838_A71T	ENSP00000337838	RTN4	reticulon 4
PCYOX1L_E390D	saav	E390D	KQPQDAAVWR	386	395	ENSP00000274569_A5P.E390D	ENSP00000274569	PCYOX1L	prenylcysteine oxidase 1 like
C3_P314L	saav	P314L	KVLLDGVQNLR	305	315	ENSP00000245907_R102G.F259V.P314L.G335A.V374M.V424F.R735W.G984V.W1077C.G1131C.G1572A	ENSP00000245907	C3	complement component 3
SRPRB_V9L	saav	V9L	LADGGGAGGTFQPYLDTLR	9	27	ENSP00000418401_V9L.R109S	ENSP00000418401	SRPRB	signal recognition particle receptor, B subunit
TFRC_G142S	saav	G142S	LDSTDFTSTIK	135	145	ENSP00000376197_G142S.T491A	ENSP00000376197	TFRC	transferrin receptor
SPTB_N1151D	saav	N1151D	LEGLDTGWDALGR	1143	1155	ENSP00000374371_S439N.P1026H.N1151D.D1229Y	ENSP00000374371	SPTB	spectrin, beta, erythrocytic
ACBD5_T461M	saav	T461M	LEMLTALQAK	459	468	ENSP00000365062_T461M	ENSP00000365062	ACBD5	acyl-CoA binding domain containing 5
RABL6_E382Q	saav	E382Q	LFGTSPATEAAPPPPEPVPAAQGPATVQSVEDFVPDDRLDR	361	401	ENSP00000311134_E122D.Q235L.E382Q	ENSP00000311134	RABL6	RAB, member RAS oncogene family-like 6
NA_V901I	saav	V901I	LGITPEGQSYLDQFR	899	913	ENSP00000328062_Y38H.V901I	ENSP00000328062	NA	KIAA1033
LDHA_V227M	saav	V227M	LGVHPLSCHGWVLGEHGDSSMPVWSGMNVAGVSLK	207	241	ENSP00000445175_D111Y.V227M	ENSP00000445175	LDHA	lactate dehydrogenase A
RRBP1_L1043H	saav	L1043H	LHSLTQAKEESEK	1042	1054	ENSP00000246043_K430R.K440R.Q446P.G449D.K450R.K460R.Q476P.A688S.L1043H.S1199L.V1254F	ENSP00000246043	RRBP1	ribosome binding protein 1
DAK_A334G	saav	A334G	LIDAETTAGAWPNVAAVSITGR	326	347	ENSP00000378360_A185T.A334G	ENSP00000378360	DAK	dihydroxyacetone kinase 2 homolog (S. cerevisiae)
IGKV1-33_E55Q	saav	E55Q	LLIYDASNLQTGVPSR	46	61	ENSP00000479032_M4L.E55Q	ENSP00000479032	IGKV1-33	immunoglobulin kappa variable 1-33
IGKV3-11_N73T	saav	N73T	LLIYDASTR	66	74	ENSP00000482934_T18F.T25A.R38S.S50G.S51N.Q57R.N73T.E99D.K122R.R127P	ENSP00000482934	IGKV3-11	immunoglobulin kappa variable 3-11
ALDH1B1_R107L	saav	R107L	LLNLLADLVER	104	114	ENSP00000366927_R107L.V253M	ENSP00000366927	ALDH1B1	aldehyde dehydrogenase 1 family, member B1
TLN1_S1227L	saav	S1227L	LLSDLLPPSTGTFQEAQSR	1223	1241	ENSP00000316029_A219P.A282S.G876R.S1227L.V1402W.V2159G.G2292A.A2397S	ENSP00000316029	TLN1	talin 1
F5_K863R	saav	K863R	LLSLGAGEFRSQEHAK	854	869	ENSP00000356770_M413T.N822T.K863R.H870R.K930E.M1769V.P1871S.I1907N.D2227G	ENSP00000356770	F5	coagulation factor V (proaccelerin, labile factor)
IFI16_R409S	saav	R409S	LPQEQSQLPNPSEASTTFPESHLR	404	427	ENSP00000295809_S179T.R409S.Y413N.T779S	ENSP00000295809	IFI16	interferon, gamma-inducible protein 16
IFI16_Y413N	saav	Y413N	LPQEQSQLPNPSEASTTFPESHLR	404	427	ENSP00000295809_S179T.R409S.Y413N.T779S	ENSP00000295809	IFI16	interferon, gamma-inducible protein 16
NA_M146T	saav	M146T	LQQQHSEQPPLQPSPVTTR	130	148	ENSP00000271583_M146T.P277R	ENSP00000271583	NA	torsin A interacting protein 1
LAMA4_Y498H	saav	Y498H	LSDLQEALDQALNHVR	485	500	ENSP00000230538_Y498H.G1117S.P1119R	ENSP00000230538	LAMA4	laminin, alpha 4
SEPT9_C357Y	saav	C357Y	LTVIDTPGFGDHINNENYWQPIMK	340	363	ENSP00000329161_P127L.D330N.C357Y.M558V	ENSP00000329161	SEPT9	septin 9
UTP14C_G85V	saav	G85V	LVLADLLEPVK	84	94	ENSP00000428619_G85V.T101A.K142R.N287K	ENSP00000428619	UTP14C	UTP14, U3 small nucleolar ribonucleoprotein, homolog C (yeast)
SPTBN1_Q447L	saav	Q447L	LVSLDNFGFDLPAVEAATK	444	462	ENSP00000349259_Q447L.G600C.R890G.K1335N.Q1423P.Q1528H.Q1859P.W2119L	ENSP00000349259	SPTBN1	spectrin, beta, non-erythrocytic 1
NCF2_K181R	saav	K181R	LYEPVVIPVGR	171	181	ENSP00000356505_K181R.G334A	ENSP00000356505	NCF2	neutrophil cytosolic factor 2
BIN3_V100G	saav	V100G	MDAFNQEKGNQIQK	92	105	ENSP00000276416_V20E.V100G	ENSP00000276416	BIN3	bridging integrator 3
CAPG_H335R	saav	H335R	MQYAPNTQVEILPQGR	320	335	ENSP00000386965_V41I.G66V.E118Q.H335R	ENSP00000386965	CAPG	capping protein (actin filament), gelsolin-like
NA_V158M	saav	V158M	MVDFAGMK	152	159	ENSP00000384654_V158M	ENSP00000384654	NA	catechol-O-methyltransferase
COMT_V158M	saav	V158M	MVDFAGMKDK	152	161	ENSP00000384654_V158M	ENSP00000384654	COMT	catechol-O-methyltransferase
CP_E544D	saav	E544D	MYYSAVDPTK	538	547	ENSP00000264613_E544D.T841R	ENSP00000264613	CP	ceruloplasmin (ferroxidase)
CP_E544D	saav	E544D	MYYSAVDPTKDIFTGLIGPMK	538	558	ENSP00000264613_E544D.T841R	ENSP00000264613	CP	ceruloplasmin (ferroxidase)
HDGF_P201L	saav	P201L	NSTLSEPGSGR	198	208	ENSP00000443120_P201L	ENSP00000443120	HDGF	hepatoma-derived growth factor
NA_A148G	saav	A148G	NTVEIFKFEEGENSLLHLK	138	156	ENSP00000222572_A148G.V303L.S311C	ENSP00000222572	NA	paraoxonase 2
QPRT_T195A	saav	T195A	QAADFALK	190	197	ENSP00000378782_T195A	ENSP00000378782	QPRT	quinolinate phosphoribosyltransferase
ASPSCR1_L252Q	saav	L252Q	QGGPPGPTRPLTSSSAK	252	268	ENSP00000302176_L252Q	ENSP00000302176	ASPSCR1	alveolar soft part sarcoma chromosome region, candidate 1
SLC25A6_Q50R	saav	Q50R	QIAADKR	44	50	ENSP00000370808_Q50R.G200D	ENSP00000370808	SLC25A6	solute carrier family 25 (mitochondrial carrier; adenine nucleotide translocator), member 6
AP3B1_V585E	saav	V585E	QLIVPNEK	579	586	ENSP00000255194_V585E	ENSP00000255194	AP3B1	adaptor-related protein complex 3, beta 1 subunit
MYO18A_A958V	saav	A958V	QNPATQNVPR	951	960	ENSP00000434228_V867G.A958V	ENSP00000434228	MYO18A	myosin XVIIIA
IMMT_P124S	saav	P124S	QSASQLQK	123	130	ENSP00000396899_P124S.S377R.V378F	ENSP00000396899	IMMT	inner membrane protein, mitochondrial
PSMD9_V17A	saav	V17A	QSGGSSQAGAVTVSDVQELMR	8	28	ENSP00000261817_V17A.R134W.E196G	ENSP00000261817	PSMD9	proteasome (prosome, macropain) 26S subunit, non-ATPase, 9
PPIG_N699D	saav	N699D	QSSQDDELK	694	702	ENSP00000407083_D445E.N699D	ENSP00000407083	PPIG	peptidylprolyl isomerase G (cyclophilin G)
UCHL1_E109K	saav	E109K	QTIGNSCGTIGLIHAVANNQDKLGFKDGSVLK	84	115	ENSP00000422542_S18Y.E109K	ENSP00000422542	UCHL1	ubiquitin carboxyl-terminal esterase L1 (ubiquitin thiolesterase)
DAK_A185T	saav	A185T	QVNVVTK	180	186	ENSP00000378360_A185T.A334G	ENSP00000378360	DAK	dihydroxyacetone kinase 2 homolog (S. cerevisiae)
ZC3HAV1_Q701E	saav	Q701E	RGPDHEPAK	696	704	ENSP00000242351_R485K.G525V.H565Q.Q701E.T851I	ENSP00000242351	ZC3HAV1	zinc finger CCCH-type, antiviral 1
GAA_H199R	saav	H199R	RYEVPLETPR	190	199	ENSP00000374665_H199R.R223H.E689K.V780I	ENSP00000374665	GAA	glucosidase, alpha; acid
CAP1_S256A	saav	S256A	SALFAQINQGESITHALK	255	272	ENSP00000361878_V115L.M146I.C229G.C236G.I245S.C247G.Y249D.S256A	ENSP00000361878	CAP1	CAP, adenylate cyclase-associated protein 1 (yeast)
IGHG3_P155Q	saav	P155Q	SCDTPPQCPRCPAPELLGGPSVFLFPPKPK	149	178	ENSP00000374993_P125Q.P155Q.F230I.Y303F	ENSP00000374993	IGHG3	immunoglobulin heavy constant gamma 3 (G3m marker)
TF_I448V	saav	I448V	SDNCEDTPEAGYFAVAVVK	434	452	ENSP00000385834_K167N.A168P.G277S.I448V.D496N.R541V.G563R.Q624P	ENSP00000385834	TF	transferrin
TF_I448V	saav	I448V	SDNCEDTPEAGYFAVAVVKK	434	453	ENSP00000385834_K167N.A168P.G277S.I448V.D496N.R541V.G563R.Q624P	ENSP00000385834	TF	transferrin
PRKCSH_A291T	saav	A291T	SEALPTDLPTPSAPDLTEPK	282	301	ENSP00000465461_G66C.A291T.G447V	ENSP00000465461	PRKCSH	protein kinase C substrate 80K-H
NEFH_E463K	saav	E463K	SEKETVIVEEQTEK	450	463	ENSP00000311997_E463K.P615L	ENSP00000311997	NEFH	neurofilament, heavy polypeptide
C3_R102G	saav	R102G	SEKGGNK	98	104	ENSP00000245907_R102G.F259V.P314L.G335A.V374M.V424F.R735W.G984V.W1077C.G1131C.G1572A	ENSP00000245907	C3	complement component 3
ERAP1_Q730E	saav	Q730E	SELLLLACVHNYQPCVQR	729	746	ENSP00000406304_T12I.R127P.I276M.G346D.M349V.K528R.D575N.R725Q.Q730E	ENSP00000406304	ERAP1	endoplasmic reticulum aminopeptidase 1
TMED5_T175I	saav	T175I	SGHIQILLR	170	178	ENSP00000359305_T175I	ENSP00000359305	TMED5	transmembrane emp24 protein transport domain containing 5
CLIP2_L339	saav	L339	SGLLTETSSR	337	346	ENSP00000378500_V161M.R268G.L339.R977P	ENSP00000378500	CLIP2	CAP-GLY domain containing linker protein 2
TUBB_G93S	saav	G93S	SGPFGQIFRPDNFVFSQSGAGNNWAK	78	103	ENSP00000339001_G93S	ENSP00000339001	TUBB	tubulin, beta class I
APOL1_E166K	saav	E166K	SKLEDNIR	165	172	ENSP00000317674_E166K.M244I.R271K	ENSP00000317674	APOL1	apolipoprotein L, 1
APOL1_E166K	saav	E166K	SKLEDNIRR	165	173	ENSP00000317674_E166K.M244I.R271K	ENSP00000317674	APOL1	apolipoprotein L, 1
CFH_V62I	saav	V62I	SLGNIIMVCR	58	67	ENSP00000356399_V62I.P260S.H402Y.N1050Y	ENSP00000356399	CFH	complement factor H
CALM3_G60R	saav	G60R	SLGQNPTEAELQDMINEVDADRNGTIDFPEFLTMMAR	39	75	ENSP00000472141_G60R	ENSP00000472141	CALM3	calmodulin 3 (phosphorylase kinase, delta)
CALM2_G60V	saav	G60V	SLGQNPTEAELQDMINEVDADVNGTIDFPEFLTMMAR	39	75	ENSP00000272298_G60V.D96Y	ENSP00000272298	CALM2	calmodulin 2 (phosphorylase kinase, delta)
NES_V815I	saav	V815I	SLKEESIEAVK	809	819	ENSP00000357206_V130A.V815I.P1101L.R1133S.P1275L	ENSP00000357206	NES	nestin
TF_G277S	saav	G277S	SMGSKEDLIWELLNQAQEHFGK	274	295	ENSP00000385834_K167N.A168P.G277S.I448V.D496N.R541V.G563R.Q624P	ENSP00000385834	TF	transferrin
TF_G277S	saav	G277S	SMGSKEDLIWELLNQAQEHFGKDK	274	297	ENSP00000385834_K167N.A168P.G277S.I448V.D496N.R541V.G563R.Q624P	ENSP00000385834	TF	transferrin
PDLIM5_A345T	saav	A345T	SMPESLDSPTSGRPGVTSLTTAAAFKPVGSTGVIK	325	359	ENSP00000321746_R83V.S136F.A345T.V370L.T381A.R428K.S492N	ENSP00000321746	PDLIM5	PDZ and LIM domain 5
SORBS3_I556T	saav	I556T	SPADPTDLGGQTSPR	551	565	ENSP00000240123_I556T.R566C.T573A	ENSP00000240123	SORBS3	sorbin and SH3 domain containing 3
CRAT_L372M	saav	L372M	SPMVPLPMPK	370	379	ENSP00000315013_L372M.A624P	ENSP00000315013	CRAT	carnitine O-acetyltransferase
SORCS2_S544P	saav	S544P	SPSSESSTNK	543	552	ENSP00000329124_G173R.S544P	ENSP00000329124	SORCS2	sortilin-related VPS10 domain containing receptor 2
NA_M475I	saav	M475I	SQFLEEGIGGTIPHVSPER	468	486	ENSP00000378119_F17C.R456Q.M475I	ENSP00000378119	NA	STEAP family member 2, metalloreductase
SERPINF1_T72M	saav	T72M	SSMSPTTNVLLSPLSVATALSALSLGAEQR	70	99	ENSP00000254722_T72M	ENSP00000254722	SERPINF1	serpin peptidase inhibitor, clade F (alpha-2 antiplasmin, pigment epithelium derived factor), member 1
RPL13_A112T	saav	A112T	STESLQTNVQR	106	116	ENSP00000455009_A112T	ENSP00000455009	RPL13	ribosomal protein L13
PSMD13_Q169E	saav	Q169E	TAWGQEPDLAANEAQLLR	164	181	ENSP00000433115_Q169E	ENSP00000433115	PSMD13	proteasome (prosome, macropain) 26S subunit, non-ATPase, 13
GOLGA3_P264L	saav	P264L	TEDSNAGNSGGNVLAPDSTK	251	270	ENSP00000409303_G70E.P264L.V601D.K1185R	ENSP00000409303	GOLGA3	golgin A3
CHI3L1_R145G	saav	R145G	THGFDGLDLAWLYPGRGDK	129	147	ENSP00000255409_R145G	ENSP00000255409	CHI3L1	chitinase 3-like 1 (cartilage glycoprotein-39)
TUBA8_P106L	saav	P106L	TIQFVDWCLTGFK	98	110	ENSP00000477306_P106L.T119S	ENSP00000477306	TUBA8	tubulin, alpha 8
TIA1_L9I	saav	L9I	TIYVGNLSR	8	16	ENSP00000282574_L9I	ENSP00000282574	TIA1	TIA1 cytotoxic granule-associated RNA binding protein
NEFM_P63T	saav	P63T	TKVEAPK	63	69	ENSP00000412295_P63T.A131V.S244L.K326R	ENSP00000412295	NEFM	neurofilament, medium polypeptide
CYP20A1_S97L	saav	S97L	TLDPFETMLK	96	105	ENSP00000348380_S97L.L346F	ENSP00000348380	CYP20A1	cytochrome P450, family 20, subfamily A, polypeptide 1
HCLS1_E361K	saav	E361K	TLEGLQVEEEPVYK	348	361	ENSP00000320176_T235A.E361K.E388K.V436L	ENSP00000320176	HCLS1	hematopoietic cell-specific Lyn substrate 1
IGHG2_V161M	saav	V161M	TPEVTCVVVDVSHEDPEVQFNWYVDGMEVHNAK	135	167	ENSP00000374987_P72T.V161M.T218A.S257A	ENSP00000374987	IGHG2	immunoglobulin heavy constant gamma 2 (G2m marker)
PTGR1_A27S	saav	A27S	TSELPPLK	26	33	ENSP00000311572_A27S	ENSP00000311572	PTGR1	prostaglandin reductase 1
IFI16_S179T	saav	S179T	TSLSAPPNTSSTENPK	171	186	ENSP00000295809_S179T.R409S.Y413N.T779S	ENSP00000295809	IFI16	interferon, gamma-inducible protein 16
PECAM1_V125L	saav	V125L	TTAEYQLLVEGVPSPR	119	134	ENSP00000457421_V125L.S563N.R670G	ENSP00000457421	PECAM1	platelet/endothelial cell adhesion molecule 1
HCLS1_T235A	saav	T235A	TTPIEAASSGAR	225	236	ENSP00000320176_T235A.E361K.E388K.V436L	ENSP00000320176	HCLS1	hematopoietic cell-specific Lyn substrate 1
RFTN1_V421I	saav	V421I	TTSEGSISTK	415	424	ENSP00000334153_V421I	ENSP00000334153	RFTN1	raftlin, lipid raft linker 1
ATIC_T116S	saav	T116S	TVASPGVSVEEAVEQIDIGGVTLLR	109	133	ENSP00000236959_T116S	ENSP00000236959	ATIC	5-aminoimidazole-4-carboxamide ribonucleotide formyltransferase/IMP cyclohydrolase
IGLV6-57_G43R	saav	G43R	TVTISCTR	36	43	ENSP00000374820_M22L.G43R	ENSP00000374820	IGLV6-57	immunoglobulin lambda variable 6-57
VCAN_D2937Y	saav	D2937Y	TYGQVSGEAIK	2936	2946	ENSP00000265077_K1516R.R1826H.F2301Y.D2937Y	ENSP00000265077	VCAN	versican
AHNAK_S3724P	saav	S3724P	VDIDTPDINIEGPEGK	3712	3727	ENSP00000367263_V289I.K1481R.T1576M.K1763R.D1785G.E2176D.G2527D.Q3003K.D3312E.S3724P.I5483T	ENSP00000367263	AHNAK	AHNAK nucleoprotein
TUBA8_T119S	saav	T119S	VGINYQPPSVVPGGDLAK	111	128	ENSP00000477306_P106L.T119S	ENSP00000477306	TUBA8	tubulin, alpha 8
COL6A2_R680H	saav	R680H	VGVVQYSHEGTFEAIQLDDEHIDSLSSFK	660	688	ENSP00000300527_K300R.K309R.S399N.E578D.R680H	ENSP00000300527	COL6A2	collagen, type VI, alpha 2
GPD2_R264H	saav	R264H	VHVSGAR	263	269	ENSP00000386425_R264H	ENSP00000386425	GPD2	glycerol-3-phosphate dehydrogenase 2 (mitochondrial)
CRYZ_I176V	saav	I176V	VLGTAGTEEGQK	176	187	ENSP00000339399_I176V	ENSP00000339399	CRYZ	crystallin, zeta (quinone reductase)
IGKV1-39_L68V	saav	L68V	VLIYAASSLQSGVPSR	68	83	ENSP00000419058_L9F.S34P.I43V.S52G.S53H.K64T.L68V.S99G	ENSP00000419058	IGKV1-39	immunoglobulin kappa variable 1-39 (gene/pseudogene)
C3_P314L	saav	P314L	VLLDGVQNLR	306	315	ENSP00000245907_R102G.F259V.P314L.G335A.V374M.V424F.R735W.G984V.W1077C.G1131C.G1572A	ENSP00000245907	C3	complement component 3
HEPACAM_M218V	saav	M218V	VLMEDDDLYSCVVENPISQGR	207	227	ENSP00000298251_M218V.D317Y.N324S	ENSP00000298251	HEPACAM	hepatic and glial cell adhesion molecule
LRCH1_S234P	saav	S234P	VLPQELVDLPLVK	225	237	ENSP00000308493_S234P	ENSP00000308493	LRCH1	leucine-rich repeats and calponin homology (CH) domain containing 1
ASAH1_I93V	saav	I93V	VMQVVDEK	93	100	ENSP00000262097_V72M.I93V.V246A	ENSP00000262097	ASAH1	N-acylsphingosine amidohydrolase (acid ceramidase) 1
TNC_Q680R	saav	Q680R	VPGDQTSTIIR	670	680	ENSP00000443478_G153V.Q539R.Q680R.R802L.G892D.R1066H.G1113D.T1114A.E1293*	ENSP00000443478	TNC	tenascin C
SEC23A_L211V	saav	L211V	VPVTQATR	209	216	ENSP00000306881_L211V.V272I	ENSP00000306881	SEC23A	Sec23 homolog A (S. cerevisiae)
GBP1_T349S	saav	T349S	VQLPTESLQELLDLHR	343	358	ENSP00000359504_G64A.S213N.T349S.A409G	ENSP00000359504	GBP1	guanylate binding protein 1, interferon-inducible
GBP1_T349S	saav	T349S	VQLPTESLQELLDLHRDSER	343	362	ENSP00000359504_G64A.S213N.T349S.A409G	ENSP00000359504	GBP1	guanylate binding protein 1, interferon-inducible
NA_V389L	saav	V389L	VTTLASHTSDSDVPSGVTEVVVK	386	408	ENSP00000385419_D83N.N317H.V389L	ENSP00000385419	NA	clusterin
IGLL5_G126S	saav	G126S	VTVLSQPK	122	129	ENSP00000480121_G16E.L23V.Y50F.C52S.M99L.T118R.K121R.G126S	ENSP00000480121	IGLL5	immunoglobulin lambda-like polypeptide 5
VAT1_G256V	saav	G256V	VVDIVMDPLGGSDTAK	256	271	ENSP00000347872_G256V	ENSP00000347872	VAT1	vesicle amine transport 1
TNR_R643K	saav	R643K	VVYSTLAGEQYHEVLVPK	626	643	ENSP00000263525_I17V.A128S.R643K.G773V	ENSP00000263525	TNR	tenascin R
ALDH5A1_H180Y	saav	H180Y	VYGDIIYTPAK	174	184	ENSP00000314649_H180Y	ENSP00000314649	ALDH5A1	aldehyde dehydrogenase 5 family, member A1
HLA-A_E176V	saav	E176V	WEAAHVAEQLR	171	181	ENSP00000366002_Q94H.T97I.I119V.S129P.R138Q.E176V	ENSP00000366002	HLA-A	major histocompatibility complex, class I, A
SORL1_V1967I	saav	V1967I	WESPYDSPDQDLLYAIAVK	1952	1970	ENSP00000260197_Q95P.E468G.Q1074E.E1272K.A1457T.K1774T.V1967I.V2022F	ENSP00000260197	SORL1	sortilin-related receptor, L(DLR class) A repeats containing
PARP4_V1065A	saav	V1065A	WQQLNPDAPEALQAPAQVPSLFR	1058	1080	ENSP00000371419_S122N.F215Y.V294A.S873N.A899T.M936T.V1012I.V1065A.L1080R.R1108C.G1265A.G1280R.P1328T.S1394A.S1459Y.L1550P.I1564T.A1656P	ENSP00000371419	PARP4	poly (ADP-ribose) polymerase family, member 4
PARP4_L1080R	saav	L1080R	WQQLNPDAPEALQAPAQVPSLFR	1058	1080	ENSP00000371419_S122N.F215Y.V294A.S873N.A899T.M936T.V1012I.V1065A.L1080R.R1108C.G1265A.G1280R.P1328T.S1394A.S1459Y.L1550P.I1564T.A1656P	ENSP00000371419	PARP4	poly (ADP-ribose) polymerase family, member 4
GAA_H199R	saav	H199R	YEVPLETPR	191	199	ENSP00000374665_H199R.R223H.E689K.V780I	ENSP00000374665	GAA	glucosidase, alpha; acid
HLA-DRB1_S66Y	saav	S66Y	YFYNQEEYVR	59	68	ENSP00000353099_S29A.S66Y	ENSP00000353099	HLA-DRB1	major histocompatibility complex, class II, DR beta 1
EEF1B2_E110D	saav	E110D	YGPADVEDTTGSGATDSKDDDDIDLFGSDDEDESEEAKR	79	117	ENSP00000236957_G27E.E110D	ENSP00000236957	EEF1B2	eukaryotic translation elongation factor 1 beta 2
TJP2_D482E	saav	D482E	YQEEPPAPQPK	479	489	ENSP00000366453_D482E.M668I.A727S.I875T	ENSP00000366453	TJP2	tight junction protein 2
CAPG_E118Q	saav	E118Q	YQQGGVESAFHK	116	127	ENSP00000386965_V41I.G66V.E118Q.H335R	ENSP00000386965	CAPG	capping protein (actin filament), gelsolin-like
CLIP2_R977P	saav	R977P	YSLIDPSSAPELLR	972	985	ENSP00000378500_V161M.R268G.L339.R977P	ENSP00000378500	CLIP2	CAP-GLY domain containing linker protein 2
