protein_id_var	ense_id	protein_description	peptide	start_position	start_num	end_position	end_num	variant_location	variant_num_location	variant_peptide	variant_type	index	gene	protein_id	gene_variant
ENSP00000379157_C450S.K684R	ENSP00000379157	calpastatin	AAAPAPVSEAVSR	439	439	451	451	C450S	450	TRUE	saav	ENSP00000379157_C450S.K684R_AAAPAPVSEAVSR	CAST	ENSP00000379157_C450S.K684R	CAST_C450S
ENSP00000331544_Q141R.D162H	ENSP00000331544	fibulin 1	AAQAQGQSCEYSLMVGYQCGQVFR	118	118	141	141	Q141R	141	TRUE	saav	ENSP00000331544_Q141R.D162H_AAQAQGQSCEYSLMVGYQCGQVFR	FBLN1	ENSP00000331544_Q141R.D162H	FBLN1_Q141R
ENSP00000221222_V138G.V231L.S339R	ENSP00000221222	homer homolog 3 (Drosophila)	AAQLLDVR	332	332	339	339	S339R	339	TRUE	saav	ENSP00000221222_V138G.V231L.S339R_AAQLLDVR	HOMER3	ENSP00000221222_V138G.V231L.S339R	HOMER3_S339R
ENSP00000364597_G55S.V82A.G112A	ENSP00000364597	peptidyl arginine deiminase, type IV	AASGSTGDQK	82	82	91	91	V82A	82	TRUE	saav	ENSP00000364597_G55S.V82A.G112A_AASGSTGDQK	PADI4	ENSP00000364597_G55S.V82A.G112A	PADI4_V82A
ENSP00000253332_K117E.K216Q.E920G.P1183R.E1355K.V1582M.E1600D	ENSP00000253332	A kinase (PRKA) anchor protein 12	ADSQDAGQETEKEGEDPQASAQDETPITSAK	1585	1585	1615	1615	E1600D	1600	TRUE	saav	ENSP00000253332_K117E.K216Q.E920G.P1183R.E1355K.V1582M.E1600D_ADSQDAGQETEKEGEDPQASAQDETPITSAK	AKAP12	ENSP00000253332_K117E.K216Q.E920G.P1183R.E1355K.V1582M.E1600D	AKAP12_E1600D
ENSP00000361097_G49S.H731D	ENSP00000361097	multimerin 2	AEAEDTSKDPVGR	43	43	55	55	G49S	49	TRUE	saav	ENSP00000361097_G49S.H731D_AEAEDTSKDPVGR	MMRN2	ENSP00000361097_G49S.H731D	MMRN2_G49S
ENSP00000246043_K430R.K440R.Q446P.G449D.K450R.K460R.Q476P.A688S.L1043H.S1199L.V1254F	ENSP00000246043	ribosome binding protein 1	AEGAQNQGRK	422	422	431	431	K430R	430	TRUE	saav	ENSP00000246043_K430R.K440R.Q446P.G449D.K450R.K460R.Q476P.A688S.L1043H.S1199L.V1254F_AEGAQNQGRK	RRBP1	ENSP00000246043_K430R.K440R.Q446P.G449D.K450R.K460R.Q476P.A688S.L1043H.S1199L.V1254F	RRBP1_K430R
ENSP00000261405_G19A.G74V.G220R.G386V.H484R.T789A.Q852R.D896Y.T1381A.R1399H.D1472H.G1771V.V2517L.G2630C.C2719S.E2720K	ENSP00000261405	von Willebrand factor	AEGLECAK	783	783	790	790	T789A	789	TRUE	saav	ENSP00000261405_G19A.G74V.G220R.G386V.H484R.T789A.Q852R.D896Y.T1381A.R1399H.D1472H.G1771V.V2517L.G2630C.C2719S.E2720K_AEGLECAK	VWF	ENSP00000261405_G19A.G74V.G220R.G386V.H484R.T789A.Q852R.D896Y.T1381A.R1399H.D1472H.G1771V.V2517L.G2630C.C2719S.E2720K	VWF_T789A
ENSP00000367992_R86L.G190E	ENSP00000367992	esterase D	AFSEYLGTDQSK	187	187	198	198	G190E	190	TRUE	saav	ENSP00000367992_R86L.G190E_AFSEYLGTDQSK	ESD	ENSP00000367992_R86L.G190E	ESD_G190E
ENSP00000360541_V368I.M647V	ENSP00000360541	carnitine palmitoyltransferase 2	ALEDVFDALEGK	643	643	654	654	M647V	647	TRUE	saav	ENSP00000360541_V368I.M647V_ALEDVFDALEGK	CPT2	ENSP00000360541_V368I.M647V	CPT2_M647V
ENSP00000484499_P18A.N33D.Y35D.L38V.Q50H.S61P.G71E	ENSP00000484499	immunoglobulin kappa variable 2-28	APGVPDR	60	60	66	66	S61P	61	TRUE	saav	ENSP00000484499_P18A.N33D.Y35D.L38V.Q50H.S61P.G71E_APGVPDR	IGKV2-28	ENSP00000484499_P18A.N33D.Y35D.L38V.Q50H.S61P.G71E	IGKV2-28_S61P
ENSP00000374665_H199R.R223H.E689K.V780I	ENSP00000374665	glucosidase, alpha; acid	APSPLYSVEFSEEPFGVIVHR	204	204	224	224	R223H	223	TRUE	saav	ENSP00000374665_H199R.R223H.E689K.V780I_APSPLYSVEFSEEPFGVIVHR	GAA	ENSP00000374665_H199R.R223H.E689K.V780I	GAA_R223H
ENSP00000221957_I56V.V117A.V275A	ENSP00000221957	perilipin 3	AQEALLQLSQALSLMETVK	265	265	283	283	V275A	275	TRUE	saav	ENSP00000221957_I56V.V117A.V275A_AQEALLQLSQALSLMETVK	PLIN3	ENSP00000221957_I56V.V117A.V275A	PLIN3_V275A
ENSP00000215587_S44F	ENSP00000215587	polymerase (RNA) II (DNA directed) polypeptide E, 25kDa	AQFGDKPSEGRPR	42	42	54	54	S44F	44	TRUE	saav	ENSP00000215587_S44F_AQFGDKPSEGRPR	POLR2E	ENSP00000215587_S44F	POLR2E_S44F
ENSP00000378378_D47N.I98V.G167V	ENSP00000378378	ribosomal protein L8	AQLNVGNVLPVGTMPEGTIVCCLEEKPGDR	94	94	123	123	I98V	98	TRUE	saav	ENSP00000378378_D47N.I98V.G167V_AQLNVGNVLPVGTMPEGTIVCCLEEKPGDR	RPL8	ENSP00000378378_D47N.I98V.G167V	RPL8_I98V
ENSP00000348395_L513V	ENSP00000348395	aminopeptidase-like 1	ASEDPLLNLVSPLGCEVDVEEGDVGR	490	490	515	515	L513V	513	TRUE	saav	ENSP00000348395_L513V_ASEDPLLNLVSPLGCEVDVEEGDVGR	NPEPL1	ENSP00000348395_L513V	NPEPL1_L513V
ENSP00000393492_V23A.P32S.H51Y.S52G.N53D.Y55D.L58V.K64R.Y74F.N78T.G91E	ENSP00000393492	immunoglobulin kappa variable 2D-28	ASGVPDRFSGSESGTDFTLK	80	80	99	99	G91E	91	TRUE	saav	ENSP00000393492_V23A.P32S.H51Y.S52G.N53D.Y55D.L58V.K64R.Y74F.N78T.G91E_ASGVPDRFSGSESGTDFTLK	IGKV2D-28	ENSP00000393492_V23A.P32S.H51Y.S52G.N53D.Y55D.L58V.K64R.Y74F.N78T.G91E	IGKV2D-28_G91E
ENSP00000216879_D290N	ENSP00000216879	NSFL1 (p97) cofactor (p47)	ASSSILINESEPTTNIQIR	283	283	301	301	D290N	290	TRUE	saav	ENSP00000216879_D290N_ASSSILINESEPTTNIQIR	NSFL1C	ENSP00000216879_D290N	NSFL1C_D290N
ENSP00000317542_C33R.Q140H.L273F.I276S.V307A.H420D	ENSP00000317542	WAS protein family homolog 4 pseudogene	ATSQGGDLMSDLFNK	414	414	428	428	H420D	420	TRUE	saav	ENSP00000317542_C33R.Q140H.L273F.I276S.V307A.H420D_ATSQGGDLMSDLFNK	WASH4P	ENSP00000317542_C33R.Q140H.L273F.I276S.V307A.H420D	WASH4P_H420D
ENSP00000284894_L332P.E443G	ENSP00000284894	neural cell adhesion molecule 2	AVDGFTFTEGDKSPDGR	319	319	335	335	L332P	332	TRUE	saav	ENSP00000284894_L332P.E443G_AVDGFTFTEGDKSPDGR	NCAM2	ENSP00000284894_L332P.E443G	NCAM2_L332P
ENSP00000264870_V35L.P565L	ENSP00000264870	coagulation factor XIII, A1 polypeptide	AVPPNNSNAAEDDLPTVELQGLVPR	14	14	38	38	V35L	35	TRUE	saav	ENSP00000264870_V35L.P565L_AVPPNNSNAAEDDLPTVELQGLVPR	F13A1	ENSP00000264870_V35L.P565L	F13A1_V35L
ENSP00000357206_V130A.V815I.P1101L.R1133S.P1275L	ENSP00000357206	nestin	AWLSSQAAELER	124	124	135	135	V130A	130	TRUE	saav	ENSP00000357206_V130A.V815I.P1101L.R1133S.P1275L_AWLSSQAAELER	NES	ENSP00000357206_V130A.V815I.P1101L.R1133S.P1275L	NES_V130A
ENSP00000357206_V130A.V815I.P1101L.R1133S.P1275L	ENSP00000357206	nestin	AWLSSQAAELERELEALR	124	124	141	141	V130A	130	TRUE	saav	ENSP00000357206_V130A.V815I.P1101L.R1133S.P1275L_AWLSSQAAELERELEALR	NES	ENSP00000357206_V130A.V815I.P1101L.R1133S.P1275L	NES_V130A
ENSP00000357542_H260R	ENSP00000357542	proline-rich acidic protein 1	AWMETEDTLGR	250	250	260	260	H260R	260	TRUE	saav	ENSP00000357542_H260R_AWMETEDTLGR	PRAP1	ENSP00000357542_H260R	PRAP1_H260R
ENSP00000252486_R176C	ENSP00000252486	apolipoprotein E	CLAVYQAGAR	176	176	185	185	R176C	176	TRUE	saav	ENSP00000252486_R176C_CLAVYQAGAR	APOE	ENSP00000252486_R176C	APOE_R176C
ENSP00000398131_G92C.V100A.Y234F.Y260C.K622N	ENSP00000398131	G1 to S phase transition 1	CPAAPPPPAGGAANNHGAGSGAGGR	92	92	116	116	G92C	92	TRUE	saav	ENSP00000398131_G92C.V100A.Y234F.Y260C.K622N_CPAAPPPPAGGAANNHGAGSGAGGR	GSPT1	ENSP00000398131_G92C.V100A.Y234F.Y260C.K622N	GSPT1_G92C
ENSP00000398131_G92C.V100A.Y234F.Y260C.K622N	ENSP00000398131	G1 to S phase transition 1	CPAAPPPPAGGAANNHGAGSGAGGR	92	92	116	116	V100A	100	TRUE	saav	ENSP00000398131_G92C.V100A.Y234F.Y260C.K622N_CPAAPPPPAGGAANNHGAGSGAGGR	GSPT1	ENSP00000398131_G92C.V100A.Y234F.Y260C.K622N	GSPT1_V100A
ENSP00000439189_E867D.G973D	ENSP00000439189	POTE ankyrin domain family, member E	CPEALFQPCFLGMESCDIHETTFNSIMKSDVDIR	957	957	990	990	G973D	973	TRUE	saav	ENSP00000439189_E867D.G973D_CPEALFQPCFLGMESCDIHETTFNSIMKSDVDIR	POTEE	ENSP00000439189_E867D.G973D	POTEE_G973D
ENSP00000359504_G64A.S213N.T349S.A409G	ENSP00000359504	guanylate binding protein 1, interferon-inducible	CSGLLQVIFSPLEEEVK	407	407	423	423	A409G	409	TRUE	saav	ENSP00000359504_G64A.S213N.T349S.A409G_CSGLLQVIFSPLEEEVK	GBP1	ENSP00000359504_G64A.S213N.T349S.A409G	GBP1_A409G
ENSP00000262097_V72M.I93V.V246A	ENSP00000262097	N-acylsphingosine amidohydrolase (acid ceramidase) 1	DAMWIGFLTR	245	245	254	254	V246A	246	TRUE	saav	ENSP00000262097_V72M.I93V.V246A_DAMWIGFLTR	ASAH1	ENSP00000262097_V72M.I93V.V246A	ASAH1_V246A
ENSP00000264380_M617V.S696N.L932S.Q995L.T998S.S1033A.Q1183K	ENSP00000264380	phosphoinositide kinase, FYVE finger containing	DASSTSSGK	1175	1175	1183	1183	Q1183K	1183	TRUE	saav	ENSP00000264380_M617V.S696N.L932S.Q995L.T998S.S1033A.Q1183K_DASSTSSGK	PIKFYVE	ENSP00000264380_M617V.S696N.L932S.Q995L.T998S.S1033A.Q1183K	PIKFYVE_Q1183K
ENSP00000401244_P545A	ENSP00000401244	neuronal cell adhesion molecule	DATWIVK	544	544	550	550	P545A	545	TRUE	saav	ENSP00000401244_P545A_DATWIVK	NRCAM	ENSP00000401244_P545A	NRCAM_P545A
ENSP00000377845_V210E	ENSP00000377845	asparagine synthetase (glutamine-hydrolyzing)	DEPLHALYDNVEK	209	209	221	221	V210E	210	TRUE	saav	ENSP00000377845_V210E_DEPLHALYDNVEK	ASNS	ENSP00000377845_V210E	ASNS_V210E
ENSP00000354737_M17I.G161V.A314V	ENSP00000354737	enoyl-CoA delta isomerase 2	DFENSINQVK	12	12	21	21	M17I	17	TRUE	saav	ENSP00000354737_M17I.G161V.A314V_DFENSINQVK	ECI2	ENSP00000354737_M17I.G161V.A314V	ECI2_M17I
ENSP00000361263_R648S.R832S.W892C	ENSP00000361263	Rap guanine nucleotide exchange factor (GEF) 1	DGSESAPK	644	644	651	651	R648S	648	TRUE	saav	ENSP00000361263_R648S.R832S.W892C_DGSESAPK	RAPGEF1	ENSP00000361263_R648S.R832S.W892C	RAPGEF1_R648S
ENSP00000298198_V531I	ENSP00000298198	phosphoglucomutase 2-like 1	DITTGYDSSQPNKK	530	530	543	543	V531I	531	TRUE	saav	ENSP00000298198_V531I_DITTGYDSSQPNKK	PGM2L1	ENSP00000298198_V531I	PGM2L1_V531I
ENSP00000323929_V91F.D169Y.V618P.N639D.D672H.G924V.G952V.I1000V.G1011V.D1253N.V1422L	ENSP00000323929	alpha-2-macroglobulin	DLTGFPGPLNDQDDEDCINR	626	626	645	645	N639D	639	TRUE	saav	ENSP00000323929_V91F.D169Y.V618P.N639D.D672H.G924V.G952V.I1000V.G1011V.D1253N.V1422L_DLTGFPGPLNDQDDEDCINR	A2M	ENSP00000323929_V91F.D169Y.V618P.N639D.D672H.G924V.G952V.I1000V.G1011V.D1253N.V1422L	A2M_N639D
ENSP00000261772_T181M.A763P.V841W	ENSP00000261772	alanyl-tRNA synthetase	DNFWEMGDMGPCGPCSEIHYDR	173	173	194	194	T181M	181	TRUE	saav	ENSP00000261772_T181M.A763P.V841W_DNFWEMGDMGPCGPCSEIHYDR	AARS	ENSP00000261772_T181M.A763P.V841W	AARS_T181M
ENSP00000269228_V20G.H215R.M642I.I858V	ENSP00000269228	Niemann-Pick disease, type C1	DNGQAPFTITPVFSDFPVR	197	197	215	215	H215R	215	TRUE	saav	ENSP00000269228_V20G.H215R.M642I.I858V_DNGQAPFTITPVFSDFPVR	NPC1	ENSP00000269228_V20G.H215R.M642I.I858V	NPC1_H215R
ENSP00000338004_T147A.R162H	ENSP00000338004	translocator protein (18kDa)	DNHGWHGGR	157	157	165	165	R162H	162	TRUE	saav	ENSP00000338004_T147A.R162H_DNHGWHGGR	TSPO	ENSP00000338004_T147A.R162H	TSPO_R162H
ENSP00000395634_I171N.G206E.A525E	ENSP00000395634	inter-alpha-trypsin inhibitor heavy chain family, member 4	DQFNLNVFSTEATQWRPSLVPASAENVNK	166	166	194	194	I171N	171	TRUE	saav	ENSP00000395634_I171N.G206E.A525E_DQFNLNVFSTEATQWRPSLVPASAENVNK	ITIH4	ENSP00000395634_I171N.G206E.A525E	ITIH4_I171N
ENSP00000433825_S46I.A201V.T286A.R677G	ENSP00000433825	thyroid hormone receptor associated protein 3	DSRPSQAAGDNQGDEVK	186	186	202	202	A201V	201	TRUE	saav	ENSP00000433825_S46I.A201V.T286A.R677G_DSRPSQAAGDNQGDEVK	THRAP3	ENSP00000433825_S46I.A201V.T286A.R677G	THRAP3_A201V
ENSP00000433825_S46I.A201V.T286A.R677G	ENSP00000433825	thyroid hormone receptor associated protein 3	DSRPSQAAGDNQGDEVKEQTFSGGTSQDTK	186	186	215	215	A201V	201	TRUE	saav	ENSP00000433825_S46I.A201V.T286A.R677G_DSRPSQAAGDNQGDEVKEQTFSGGTSQDTK	THRAP3	ENSP00000433825_S46I.A201V.T286A.R677G	THRAP3_A201V
ENSP00000358640_G410V.D490E	ENSP00000358640	solute carrier family 16 (monocarboxylate transporter), member 1	DTEGGPK	488	488	494	494	D490E	490	TRUE	saav	ENSP00000358640_G410V.D490E_DTEGGPK	SLC16A1	ENSP00000358640_G410V.D490E	SLC16A1_D490E
ENSP00000216605_K134R.P242S.P328L.R653Q	ENSP00000216605	methylenetetrahydrofolate dehydrogenase (NADP+ dependent) 1, methenyltetrahydrofolate cyclohydrolase, formyltetrahydrofolate synthetase	DVDGLTSINAGR	123	123	134	134	K134R	134	TRUE	saav	ENSP00000216605_K134R.P242S.P328L.R653Q_DVDGLTSINAGR	MTHFD1	ENSP00000216605_K134R.P242S.P328L.R653Q	MTHFD1_K134R
ENSP00000246957_R13C.A297P.R307G.G389A.D395E.E462Q.A608S	ENSP00000246957	TNF receptor-associated protein 1	DVGEWQHEEFYR	305	305	316	316	R307G	307	TRUE	saav	ENSP00000246957_R13C.A297P.R307G.G389A.D395E.E462Q.A608S_DVGEWQHEEFYR	TRAP1	ENSP00000246957_R13C.A297P.R307G.G389A.D395E.E462Q.A608S	TRAP1_R307G
ENSP00000312506_V1651L.R1703H.R1842Q	ENSP00000312506	chondroitin sulfate proteoglycan 4	DVNERPPQPQASVPLQLTR	1827	1827	1845	1845	R1842Q	1842	TRUE	saav	ENSP00000312506_V1651L.R1703H.R1842Q_DVNERPPQPQASVPLQLTR	CSPG4	ENSP00000312506_V1651L.R1703H.R1842Q	CSPG4_R1842Q
ENSP00000372114_D110N	ENSP00000372114	fumarylacetoacetate hydrolase domain containing 1	DVQNECK	107	107	113	113	D110N	110	TRUE	saav	ENSP00000372114_D110N_DVQNECK	FAHD1	ENSP00000372114_D110N	FAHD1_D110N
ENSP00000231751_A29T.K47R.C217Y.E579D.A637S	ENSP00000231751	lactotransferrin	DVTVLQNTDGNNNDAWAK	566	566	583	583	E579D	579	TRUE	saav	ENSP00000231751_A29T.K47R.C217Y.E579D.A637S_DVTVLQNTDGNNNDAWAK	LTF	ENSP00000231751_A29T.K47R.C217Y.E579D.A637S	LTF_E579D
ENSP00000263270_V110D	ENSP00000263270	adaptor-related protein complex 2, sigma 1 subunit	DYTVVDEMFLAGEIR	110	110	124	124	V110D	110	TRUE	saav	ENSP00000263270_V110D_DYTVVDEMFLAGEIR	AP2S1	ENSP00000263270_V110D	AP2S1_V110D
ENSP00000408695_E508G.Q535H.V568I	ENSP00000408695	protein kinase C, alpha	EAVSICK	564	564	570	570	V568I	568	TRUE	saav	ENSP00000408695_E508G.Q535H.V568I_EAVSICK	PRKCA	ENSP00000408695_E508G.Q535H.V568I	PRKCA_V568I
ENSP00000346550_D69Y.G107C.G380E.V525L.G614C.G655C	ENSP00000346550	annexin A6	EDAQLAAEILEIADTPSGDKTSLETR	521	521	546	546	V525L	525	TRUE	saav	ENSP00000346550_D69Y.G107C.G380E.V525L.G614C.G655C_EDAQLAAEILEIADTPSGDKTSLETR	ANXA6	ENSP00000346550_D69Y.G107C.G380E.V525L.G614C.G655C	ANXA6_V525L
ENSP00000349508_E139D.G267.A1156S	ENSP00000349508	chromodomain helicase DNA binding protein 4	EGKGPNAR	264	264	271	271	G267	267	TRUE	saav	ENSP00000349508_E139D.G267.A1156S_EGKGPNAR	CHD4	ENSP00000349508_E139D.G267.A1156S	CHD4_G267
ENSP00000246043_K430R.K440R.Q446P.G449D.K450R.K460R.Q476P.A688S.L1043H.S1199L.V1254F	ENSP00000246043	ribosome binding protein 1	EHTLHLEAELEK	1196	1196	1207	1207	S1199L	1199	TRUE	saav	ENSP00000246043_K430R.K440R.Q446P.G449D.K450R.K460R.Q476P.A688S.L1043H.S1199L.V1254F_EHTLHLEAELEK	RRBP1	ENSP00000246043_K430R.K440R.Q446P.G449D.K450R.K460R.Q476P.A688S.L1043H.S1199L.V1254F	RRBP1_S1199L
ENSP00000383143_P452S	ENSP00000383143	SLIT and NTRK-like family, member 6	EILSGTFNPMPK	449	449	460	460	P452S	452	TRUE	saav	ENSP00000383143_P452S_EILSGTFNPMPK	SLITRK6	ENSP00000383143_P452S	SLITRK6_P452S
ENSP00000253332_K117E.K216Q.E920G.P1183R.E1355K.V1582M.E1600D	ENSP00000253332	A kinase (PRKA) anchor protein 12	EKTEAEPTHVNK	1344	1344	1355	1355	E1355K	1355	TRUE	saav	ENSP00000253332_K117E.K216Q.E920G.P1183R.E1355K.V1582M.E1600D_EKTEAEPTHVNK	AKAP12	ENSP00000253332_K117E.K216Q.E920G.P1183R.E1355K.V1582M.E1600D	AKAP12_E1355K
ENSP00000361878_V115L.M146I.C229G.C236G.I245S.C247G.Y249D.S256A	ENSP00000361878	CAP, adenylate cyclase-associated protein 1 (yeast)	ELSGLPSGPSAGSGPPPPPPGPPPPPVSTSSGSDESASR	216	216	254	254	C229G	229	TRUE	saav	ENSP00000361878_V115L.M146I.C229G.C236G.I245S.C247G.Y249D.S256A_ELSGLPSGPSAGSGPPPPPPGPPPPPVSTSSGSDESASR	CAP1	ENSP00000361878_V115L.M146I.C229G.C236G.I245S.C247G.Y249D.S256A	CAP1_C229G
ENSP00000361878_V115L.M146I.C229G.C236G.I245S.C247G.Y249D.S256A	ENSP00000361878	CAP, adenylate cyclase-associated protein 1 (yeast)	ELSGLPSGPSAGSGPPPPPPGPPPPPVSTSSGSDESASR	216	216	254	254	C236G	236	TRUE	saav	ENSP00000361878_V115L.M146I.C229G.C236G.I245S.C247G.Y249D.S256A_ELSGLPSGPSAGSGPPPPPPGPPPPPVSTSSGSDESASR	CAP1	ENSP00000361878_V115L.M146I.C229G.C236G.I245S.C247G.Y249D.S256A	CAP1_C236G
ENSP00000361878_V115L.M146I.C229G.C236G.I245S.C247G.Y249D.S256A	ENSP00000361878	CAP, adenylate cyclase-associated protein 1 (yeast)	ELSGLPSGPSAGSGPPPPPPGPPPPPVSTSSGSDESASR	216	216	254	254	I245S	245	TRUE	saav	ENSP00000361878_V115L.M146I.C229G.C236G.I245S.C247G.Y249D.S256A_ELSGLPSGPSAGSGPPPPPPGPPPPPVSTSSGSDESASR	CAP1	ENSP00000361878_V115L.M146I.C229G.C236G.I245S.C247G.Y249D.S256A	CAP1_I245S
ENSP00000361878_V115L.M146I.C229G.C236G.I245S.C247G.Y249D.S256A	ENSP00000361878	CAP, adenylate cyclase-associated protein 1 (yeast)	ELSGLPSGPSAGSGPPPPPPGPPPPPVSTSSGSDESASR	216	216	254	254	C247G	247	TRUE	saav	ENSP00000361878_V115L.M146I.C229G.C236G.I245S.C247G.Y249D.S256A_ELSGLPSGPSAGSGPPPPPPGPPPPPVSTSSGSDESASR	CAP1	ENSP00000361878_V115L.M146I.C229G.C236G.I245S.C247G.Y249D.S256A	CAP1_C247G
ENSP00000361878_V115L.M146I.C229G.C236G.I245S.C247G.Y249D.S256A	ENSP00000361878	CAP, adenylate cyclase-associated protein 1 (yeast)	ELSGLPSGPSAGSGPPPPPPGPPPPPVSTSSGSDESASR	216	216	254	254	Y249D	249	TRUE	saav	ENSP00000361878_V115L.M146I.C229G.C236G.I245S.C247G.Y249D.S256A_ELSGLPSGPSAGSGPPPPPPGPPPPPVSTSSGSDESASR	CAP1	ENSP00000361878_V115L.M146I.C229G.C236G.I245S.C247G.Y249D.S256A	CAP1_Y249D
ENSP00000356348_V178I	ENSP00000356348	protein-L-isoaspartate (D-aspartate) O-methyltransferase	ELVDDSINNVR	172	172	182	182	V178I	178	TRUE	saav	ENSP00000356348_V178I_ELVDDSINNVR	PCMT1	ENSP00000356348_V178I	PCMT1_V178I
ENSP00000305675_Q174E.A343P	ENSP00000305675	serum deprivation response	EPVSGAVEGK	174	174	183	183	Q174E	174	TRUE	saav	ENSP00000305675_Q174E.A343P_EPVSGAVEGK	SDPR	ENSP00000305675_Q174E.A343P	SDPR_Q174E
ENSP00000323856_A641V.R1386Q.H1459R.A2194V.A2560T.S2791P.R2821W.I2865V.R2969H	ENSP00000323856	plectin	EQLQQEQALLEEIER	1383	1383	1397	1397	R1386Q	1386	TRUE	saav	ENSP00000323856_A641V.R1386Q.H1459R.A2194V.A2560T.S2791P.R2821W.I2865V.R2969H_EQLQQEQALLEEIER	PLEC	ENSP00000323856_A641V.R1386Q.H1459R.A2194V.A2560T.S2791P.R2821W.I2865V.R2969H	PLEC_R1386Q
ENSP00000279146_K33N.Q228K	ENSP00000279146	aryl hydrocarbon receptor interacting protein	EQPGSPEWIQLDK	216	216	228	228	Q228K	228	TRUE	saav	ENSP00000279146_K33N.Q228K_EQPGSPEWIQLDK	AIP	ENSP00000279146_K33N.Q228K	AIP_Q228K
ENSP00000324827_P500A	ENSP00000324827	A kinase (PRKA) anchor protein 17A	ESAAHPEADGAPK	498	498	510	510	P500A	500	TRUE	saav	ENSP00000324827_P500A_ESAAHPEADGAPK	AKAP17A	ENSP00000324827_P500A	AKAP17A_P500A
ENSP00000484861_E2Q.R6H.Q18R.V21M.L130Q.T132F.G326S	ENSP00000484861	immunoglobulin heavy constant mu	ESDWLSQSMFTCR	321	321	333	333	G326S	326	TRUE	saav	ENSP00000484861_E2Q.R6H.Q18R.V21M.L130Q.T132F.G326S_ESDWLSQSMFTCR	IGHM	ENSP00000484861_E2Q.R6H.Q18R.V21M.L130Q.T132F.G326S	IGHM_G326S
ENSP00000221957_I56V.V117A.V275A	ENSP00000221957	perilipin 3	ESYPHVK	51	51	57	57	I56V	56	TRUE	saav	ENSP00000221957_I56V.V117A.V275A_ESYPHVK	PLIN3	ENSP00000221957_I56V.V117A.V275A	PLIN3_I56V
ENSP00000311997_E463K.P615L	ENSP00000311997	neurofilament, heavy polypeptide	ETVIVEEQTEK	453	453	463	463	E463K	463	TRUE	saav	ENSP00000311997_E463K.P615L_ETVIVEEQTEK	NEFH	ENSP00000311997_E463K.P615L	NEFH_E463K
ENSP00000374371_S439N.P1026H.N1151D.D1229Y	ENSP00000374371	spectrin, beta, erythrocytic	ETWLNENQR	435	435	443	443	S439N	439	TRUE	saav	ENSP00000374371_S439N.P1026H.N1151D.D1229Y_ETWLNENQR	SPTB	ENSP00000374371_S439N.P1026H.N1151D.D1229Y	SPTB_S439N
ENSP00000265846_G241S	ENSP00000265846	ArfGAP with dual PH domains 1	FHYLQVAFPGASDADLVPK	230	230	248	248	G241S	241	TRUE	saav	ENSP00000265846_G241S_FHYLQVAFPGASDADLVPK	ADAP1	ENSP00000265846_G241S	ADAP1_G241S
ENSP00000390929_F191V	ENSP00000390929	major histocompatibility complex, class II, DP alpha 1	FHYLTFVPSAEDVYDCR	179	179	195	195	F191V	191	TRUE	saav	ENSP00000390929_F191V_FHYLTFVPSAEDVYDCR	HLA-DPA1	ENSP00000390929_F191V	HLA-DPA1_F191V
ENSP00000374843_G16A.V29L.R38S.T40P.Y67F.S70T.D71A.G75W.N84S	ENSP00000374843	immunoglobulin lambda variable 3-21	FSGSSSGNTATLTISR	80	80	95	95	N84S	84	TRUE	saav	ENSP00000374843_G16A.V29L.R38S.T40P.Y67F.S70T.D71A.G75W.N84S_FSGSSSGNTATLTISR	IGLV3-21	ENSP00000374843_G16A.V29L.R38S.T40P.Y67F.S70T.D71A.G75W.N84S	IGLV3-21_N84S
ENSP00000427687_I185V.D466Y	ENSP00000427687	WD repeat domain 1	FTVGDHSR	183	183	190	190	I185V	185	TRUE	saav	ENSP00000427687_I185V.D466Y_FTVGDHSR	WDR1	ENSP00000427687_I185V.D466Y	WDR1_I185V
ENSP00000345445_D110G.D335E.I345V	ENSP00000345445	SAMM50 sorting and assembly machinery component	FYLGGPTSVR	337	337	346	346	I345V	345	TRUE	saav	ENSP00000345445_D110G.D335E.I345V_FYLGGPTSVR	SAMM50	ENSP00000345445_D110G.D335E.I345V	SAMM50_I345V
ENSP00000376800_A63S	ENSP00000376800	myotrophin	GADINSPDK	58	58	66	66	A63S	63	TRUE	saav	ENSP00000376800_A63S_GADINSPDK	MTPN	ENSP00000376800_A63S	MTPN_A63S
ENSP00000304327_S43G	ENSP00000304327	coordinator of PRMT5, differentiation stimulator	GAPPSPEAGFATADHSGQER	27	27	46	46	S43G	43	TRUE	saav	ENSP00000304327_S43G_GAPPSPEAGFATADHSGQER	COPRS	ENSP00000304327_S43G	COPRS_S43G
ENSP00000338200_Q15L.T817P.G1357D.V1784E.V2139I.R2218I.G2296C	ENSP00000338200	fibronectin 1	GATYNIIVEALK	2134	2134	2145	2145	V2139I	2139	TRUE	saav	ENSP00000338200_Q15L.T817P.G1357D.V1784E.V2139I.R2218I.G2296C_GATYNIIVEALK	FN1	ENSP00000338200_Q15L.T817P.G1357D.V1784E.V2139I.R2218I.G2296C	FN1_V2139I
ENSP00000338200_Q15L.T817P.G1357D.V1784E.V2139I.R2218I.G2296C	ENSP00000338200	fibronectin 1	GATYNIIVEALKDQQR	2134	2134	2149	2149	V2139I	2139	TRUE	saav	ENSP00000338200_Q15L.T817P.G1357D.V1784E.V2139I.R2218I.G2296C_GATYNIIVEALKDQQR	FN1	ENSP00000338200_Q15L.T817P.G1357D.V1784E.V2139I.R2218I.G2296C	FN1_V2139I
ENSP00000481056_V552G.V944W.E1160G.H1266R.V1340L.S1438N.E1439A.A1592V.P1705L.V1756L.T1775A.R1916H.S2183T.H2467R.V2532L.V2541L.A2568T.L2586Q.D2646H.H2719Q.N2725T.Q2735P.V2814A.T2842N.R3117H.V3726F.V3984L.V4112L	ENSP00000481056	Fc fragment of IgG binding protein	GCVLDVCMGGGDHDILCK	1904	1904	1921	1921	R1916H	1916	TRUE	saav	ENSP00000481056_V552G.V944W.E1160G.H1266R.V1340L.S1438N.E1439A.A1592V.P1705L.V1756L.T1775A.R1916H.S2183T.H2467R.V2532L.V2541L.A2568T.L2586Q.D2646H.H2719Q.N2725T.Q2735P.V2814A.T2842N.R3117H.V3726F.V3984L.V4112L_GCVLDVCMGGGDHDILCK	FCGBP	ENSP00000481056_V552G.V944W.E1160G.H1266R.V1340L.S1438N.E1439A.A1592V.P1705L.V1756L.T1775A.R1916H.S2183T.H2467R.V2532L.V2541L.A2568T.L2586Q.D2646H.H2719Q.N2725T.Q2735P.V2814A.T2842N.R3117H.V3726F.V3984L.V4112L	FCGBP_R1916H
ENSP00000255409_R145G	ENSP00000255409	chitinase 3-like 1 (cartilage glycoprotein-39)	GDKQHFTTLIK	145	145	155	155	R145G	145	TRUE	saav	ENSP00000255409_R145G_GDKQHFTTLIK	CHI3L1	ENSP00000255409_R145G	CHI3L1_R145G
ENSP00000341911_T107A.Q140A	ENSP00000341911	paralemmin	GDSAPAAAK	101	101	109	109	T107A	107	TRUE	saav	ENSP00000341911_T107A.Q140A_GDSAPAAAK	PALM	ENSP00000341911_T107A.Q140A	PALM_T107A
ENSP00000341911_T107A.Q140A	ENSP00000341911	paralemmin	GDSAPAAAKENAAAPSPVR	101	101	119	119	T107A	107	TRUE	saav	ENSP00000341911_T107A.Q140A_GDSAPAAAKENAAAPSPVR	PALM	ENSP00000341911_T107A.Q140A	PALM_T107A
ENSP00000285381_V31I	ENSP00000285381	carbonic anhydrase III, muscle specific	GENQSPIELHTK	25	25	36	36	V31I	31	TRUE	saav	ENSP00000285381_V31I_GENQSPIELHTK	CA3	ENSP00000285381_V31I	CA3_V31I
ENSP00000265447_R197C.G413W	ENSP00000265447	annexin A11	GFGTDEQAIIDCLGSCSNK	182	182	200	200	R197C	197	TRUE	saav	ENSP00000265447_R197C.G413W_GFGTDEQAIIDCLGSCSNK	ANXA11	ENSP00000265447_R197C.G413W	ANXA11_R197C
ENSP00000304408_M299I.M398I.K503R.A698T.E1175A.H1353Q	ENSP00000304408	collagen, type III, alpha 1	GGTGPPGPEGGK	696	696	707	707	A698T	698	TRUE	saav	ENSP00000304408_M299I.M398I.K503R.A698T.E1175A.H1353Q_GGTGPPGPEGGK	COL3A1	ENSP00000304408_M299I.M398I.K503R.A698T.E1175A.H1353Q	COL3A1_A698T
ENSP00000443478_G153V.Q539R.Q680R.R802L.G892D.R1066H.G1113D.T1114A.E1293*	ENSP00000443478	tenascin C	GLCVDGQCVCEDGFTGPDCAELSCPNDCHGR	509	509	539	539	Q539R	539	TRUE	saav	ENSP00000443478_G153V.Q539R.Q680R.R802L.G892D.R1066H.G1113D.T1114A.E1293*_GLCVDGQCVCEDGFTGPDCAELSCPNDCHGR	TNC	ENSP00000443478_G153V.Q539R.Q680R.R802L.G892D.R1066H.G1113D.T1114A.E1293*	TNC_Q539R
ENSP00000375007_Q72E.Y78N	ENSP00000375007	immunoglobulin heavy variable 3-7	GLEWVANIKEDGSEK	63	63	77	77	Q72E	72	TRUE	saav	ENSP00000375007_Q72E.Y78N_GLEWVANIKEDGSEK	IGHV3-7	ENSP00000375007_Q72E.Y78N	IGHV3-7_Q72E
ENSP00000296129_Q525R.A673V.D709G	ENSP00000296129	CUB domain containing protein 1	GPAVGIYNGNINTEMPRQPK	701	701	720	720	D709G	709	TRUE	saav	ENSP00000296129_Q525R.A673V.D709G_GPAVGIYNGNINTEMPRQPK	CDCP1	ENSP00000296129_Q525R.A673V.D709G	CDCP1_D709G
ENSP00000354669_K44E.R89S.T433K	ENSP00000354669	family with sequence similarity 63, member A	GPGAEGGSGSPEK	421	421	433	433	T433K	433	TRUE	saav	ENSP00000354669_K44E.R89S.T433K_GPGAEGGSGSPEK	FAM63A	ENSP00000354669_K44E.R89S.T433K	FAM63A_T433K
ENSP00000348918_A70V.V75A.T77S	ENSP00000348918	serum amyloid A1	GPGGVWAAEAISDAR	66	66	80	80	A70V	70	TRUE	saav	ENSP00000348918_A70V.V75A.T77S_GPGGVWAAEAISDAR	SAA1	ENSP00000348918_A70V.V75A.T77S	SAA1_A70V
ENSP00000348918_A70V.V75A.T77S	ENSP00000348918	serum amyloid A1	GPGGVWAAEAISDAR	66	66	80	80	V75A	75	TRUE	saav	ENSP00000348918_A70V.V75A.T77S_GPGGVWAAEAISDAR	SAA1	ENSP00000348918_A70V.V75A.T77S	SAA1_V75A
ENSP00000348918_A70V.V75A.T77S	ENSP00000348918	serum amyloid A1	GPGGVWAAEAISDAR	66	66	80	80	T77S	77	TRUE	saav	ENSP00000348918_A70V.V75A.T77S_GPGGVWAAEAISDAR	SAA1	ENSP00000348918_A70V.V75A.T77S	SAA1_T77S
ENSP00000367263_V289I.K1481R.T1576M.K1763R.D1785G.E2176D.G2527D.Q3003K.D3312E.S3724P.I5483T	ENSP00000367263	AHNAK nucleoprotein	GPTVGGGLPGTGVQGLEGNLQMPGIK	5473	5473	5498	5498	I5483T	5483	TRUE	saav	ENSP00000367263_V289I.K1481R.T1576M.K1763R.D1785G.E2176D.G2527D.Q3003K.D3312E.S3724P.I5483T_GPTVGGGLPGTGVQGLEGNLQMPGIK	AHNAK	ENSP00000367263_V289I.K1481R.T1576M.K1763R.D1785G.E2176D.G2527D.Q3003K.D3312E.S3724P.I5483T	AHNAK_I5483T
ENSP00000466664_Q110H.Q154R.M565I	ENSP00000466664	solute carrier family 44 (choline transporter), member 2	GVAEVLR	148	148	154	154	Q154R	154	TRUE	saav	ENSP00000466664_Q110H.Q154R.M565I_GVAEVLR	SLC44A2	ENSP00000466664_Q110H.Q154R.M565I	SLC44A2_Q154R
ENSP00000261023_L136F.Q301H.D387Y.R466M.V783I.L902F	ENSP00000261023	integrin, alpha V	GVSSPDHIFLPIPNWEHK	776	776	793	793	V783I	783	TRUE	saav	ENSP00000261023_L136F.Q301H.D387Y.R466M.V783I.L902F_GVSSPDHIFLPIPNWEHK	ITGAV	ENSP00000261023_L136F.Q301H.D387Y.R466M.V783I.L902F	ITGAV_V783I
ENSP00000366002_Q94H.T97I.I119V.S129P.R138Q.E176V	ENSP00000366002	major histocompatibility complex, class I, A	GYQQDAYDGK	136	136	145	145	R138Q	138	TRUE	saav	ENSP00000366002_Q94H.T97I.I119V.S129P.R138Q.E176V_GYQQDAYDGK	HLA-A	ENSP00000366002_Q94H.T97I.I119V.S129P.R138Q.E176V	HLA-A_R138Q
ENSP00000366002_Q94H.T97I.I119V.S129P.R138Q.E176V	ENSP00000366002	major histocompatibility complex, class I, A	GYQQDAYDGKDYIALNEDLR	136	136	155	155	R138Q	138	TRUE	saav	ENSP00000366002_Q94H.T97I.I119V.S129P.R138Q.E176V_GYQQDAYDGKDYIALNEDLR	HLA-A	ENSP00000366002_Q94H.T97I.I119V.S129P.R138Q.E176V	HLA-A_R138Q
ENSP00000323856_A641V.R1386Q.H1459R.A2194V.A2560T.S2791P.R2821W.I2865V.R2969H	ENSP00000323856	plectin	HGYFDEEMNR	2969	2969	2978	2978	R2969H	2969	TRUE	saav	ENSP00000323856_A641V.R1386Q.H1459R.A2194V.A2560T.S2791P.R2821W.I2865V.R2969H_HGYFDEEMNR	PLEC	ENSP00000323856_A641V.R1386Q.H1459R.A2194V.A2560T.S2791P.R2821W.I2865V.R2969H	PLEC_R2969H
ENSP00000234590_A149S.G223V	ENSP00000234590	enolase 1, (alpha)	HIADLAGNSEVILPVPSFNVINGGSHAGNK	133	133	162	162	A149S	149	TRUE	saav	ENSP00000234590_A149S.G223V_HIADLAGNSEVILPVPSFNVINGGSHAGNK	ENO1	ENSP00000234590_A149S.G223V	ENO1_A149S
ENSP00000353654_V105.G447C.R517K.K532N.D660Y.G683A.P718S.G735W.G920R.G1091C.G1152C.K1292N.G1293C.G1347R.V1399I.G1468C	ENSP00000353654	collagen, type IV, alpha 2	IAIQPGTVGPQGR	1397	1397	1409	1409	V1399I	1399	TRUE	saav	ENSP00000353654_V105.G447C.R517K.K532N.D660Y.G683A.P718S.G735W.G920R.G1091C.G1152C.K1292N.G1293C.G1347R.V1399I.G1468C_IAIQPGTVGPQGR	COL4A2	ENSP00000353654_V105.G447C.R517K.K532N.D660Y.G683A.P718S.G735W.G920R.G1091C.G1152C.K1292N.G1293C.G1347R.V1399I.G1468C	COL4A2_V1399I
ENSP00000408838_R4Q.A82V	ENSP00000408838	calumenin	IDVDKDGFVTEGELK	80	80	94	94	A82V	82	TRUE	saav	ENSP00000408838_R4Q.A82V_IDVDKDGFVTEGELK	CALU	ENSP00000408838_R4Q.A82V	CALU_A82V
ENSP00000357535_V11A.T75I	ENSP00000357535	enoyl CoA hydratase, short chain, 1, mitochondrial	IFEEDPAVGAIVLTGGDK	75	75	92	92	T75I	75	TRUE	saav	ENSP00000357535_V11A.T75I_IFEEDPAVGAIVLTGGDK	ECHS1	ENSP00000357535_V11A.T75I	ECHS1_T75I
ENSP00000261405_G19A.G74V.G220R.G386V.H484R.T789A.Q852R.D896Y.T1381A.R1399H.D1472H.G1771V.V2517L.G2630C.C2719S.E2720K	ENSP00000261405	von Willebrand factor	IGCNTCVCR	844	844	852	852	Q852R	852	TRUE	saav	ENSP00000261405_G19A.G74V.G220R.G386V.H484R.T789A.Q852R.D896Y.T1381A.R1399H.D1472H.G1771V.V2517L.G2630C.C2719S.E2720K_IGCNTCVCR	VWF	ENSP00000261405_G19A.G74V.G220R.G386V.H484R.T789A.Q852R.D896Y.T1381A.R1399H.D1472H.G1771V.V2517L.G2630C.C2719S.E2720K	VWF_Q852R
ENSP00000369126_D42E	ENSP00000369126	casein kinase 1, alpha 1-like	IGSGSFGDVYLGITTTNGEEVAVK	23	23	46	46	D42E	42	TRUE	saav	ENSP00000369126_D42E_IGSGSFGDVYLGITTTNGEEVAVK	CSNK1A1L	ENSP00000369126_D42E	CSNK1A1L_D42E
ENSP00000321746_R83V.S136F.A345T.V370L.T381A.R428K.S492N	ENSP00000321746	PDZ and LIM domain 5	ILGEVINALK	486	486	495	495	S492N	492	TRUE	saav	ENSP00000321746_R83V.S136F.A345T.V370L.T381A.R428K.S492N_ILGEVINALK	PDLIM5	ENSP00000321746_R83V.S136F.A345T.V370L.T381A.R428K.S492N	PDLIM5_S492N
ENSP00000245907_R102G.F259V.P314L.G335A.V374M.V424F.R735W.G984V.W1077C.G1131C.G1572A	ENSP00000245907	complement component 3	ILLQVTPVAQMTEDAVDAER	980	980	999	999	G984V	984	TRUE	saav	ENSP00000245907_R102G.F259V.P314L.G335A.V374M.V424F.R735W.G984V.W1077C.G1131C.G1572A_ILLQVTPVAQMTEDAVDAER	C3	ENSP00000245907_R102G.F259V.P314L.G335A.V374M.V424F.R735W.G984V.W1077C.G1131C.G1572A	C3_G984V
ENSP00000356382_R115H	ENSP00000356382	coagulation factor XIII, B polypeptide	IQENMHYGCASGYK	110	110	123	123	R115H	115	TRUE	saav	ENSP00000356382_R115H_IQENMHYGCASGYK	F13B	ENSP00000356382_R115H	F13B_R115H
ENSP00000379133_R7W.D20N.C76Y	ENSP00000379133	APAF1 interacting protein	IQPEDMFVYDINEK	68	68	81	81	C76Y	76	TRUE	saav	ENSP00000379133_R7W.D20N.C76Y_IQPEDMFVYDINEK	APIP	ENSP00000379133_R7W.D20N.C76Y	APIP_C76Y
ENSP00000321746_R83V.S136F.A345T.V370L.T381A.R428K.S492N	ENSP00000321746	PDZ and LIM domain 5	ISNSAAYSGSVAPANSALGQTQPSDQDTLVQR	376	376	407	407	T381A	381	TRUE	saav	ENSP00000321746_R83V.S136F.A345T.V370L.T381A.R428K.S492N_ISNSAAYSGSVAPANSALGQTQPSDQDTLVQR	PDLIM5	ENSP00000321746_R83V.S136F.A345T.V370L.T381A.R428K.S492N	PDLIM5_T381A
ENSP00000365757_N251S	ENSP00000365757	phosphatidylinositol-5-phosphate 4-kinase, type II, alpha	IYIDDNSK	245	245	252	252	N251S	251	TRUE	saav	ENSP00000365757_N251S_IYIDDNSK	PIP4K2A	ENSP00000365757_N251S	PIP4K2A_N251S
ENSP00000365757_N251S	ENSP00000365757	phosphatidylinositol-5-phosphate 4-kinase, type II, alpha	IYIDDNSKK	245	245	253	253	N251S	251	TRUE	saav	ENSP00000365757_N251S_IYIDDNSKK	PIP4K2A	ENSP00000365757_N251S	PIP4K2A_N251S
ENSP00000246043_K430R.K440R.Q446P.G449D.K450R.K460R.Q476P.A688S.L1043H.S1199L.V1254F	ENSP00000246043	ribosome binding protein 1	KAEGAQNQGR	421	421	430	430	K430R	430	TRUE	saav	ENSP00000246043_K430R.K440R.Q446P.G449D.K450R.K460R.Q476P.A688S.L1043H.S1199L.V1254F_KAEGAQNQGR	RRBP1	ENSP00000246043_K430R.K440R.Q446P.G449D.K450R.K460R.Q476P.A688S.L1043H.S1199L.V1254F	RRBP1_K430R
ENSP00000362463_E111A	ENSP00000362463	glyoxalase I	KATLELTHNWGTEDDATQSYHNGNSDPR	96	96	123	123	E111A	111	TRUE	saav	ENSP00000362463_E111A_KATLELTHNWGTEDDATQSYHNGNSDPR	GLO1	ENSP00000362463_E111A	GLO1_E111A
ENSP00000253332_K117E.K216Q.E920G.P1183R.E1355K.V1582M.E1600D	ENSP00000253332	A kinase (PRKA) anchor protein 12	KDEGEGAAGAGDHQDPSLGAGEAASK	203	203	228	228	K216Q	216	TRUE	saav	ENSP00000253332_K117E.K216Q.E920G.P1183R.E1355K.V1582M.E1600D_KDEGEGAAGAGDHQDPSLGAGEAASK	AKAP12	ENSP00000253332_K117E.K216Q.E920G.P1183R.E1355K.V1582M.E1600D	AKAP12_K216Q
ENSP00000354554_T7I.F18L.T158A.T194A.L236I	ENSP00000354554	mitochondrially encoded cytochrome b	KINPLMK	6	6	12	12	T7I	7	TRUE	saav	ENSP00000354554_T7I.F18L.T158A.T194A.L236I_KINPLMK	MT-CYB	ENSP00000354554_T7I.F18L.T158A.T194A.L236I	MT-CYB_T7I
ENSP00000357129_S1163A.K1693Q	ENSP00000357129	spectrin, alpha, erythrocytic 1	KKDNVNQR	1687	1687	1694	1694	K1693Q	1693	TRUE	saav	ENSP00000357129_S1163A.K1693Q_KKDNVNQR	SPTA1	ENSP00000357129_S1163A.K1693Q	SPTA1_K1693Q
ENSP00000284202_D125E.L151V	ENSP00000284202	impact RWD domain protein	KKTEEEDVECEDDLILACQPESSVK	128	128	152	152	L151V	151	TRUE	saav	ENSP00000284202_D125E.L151V_KKTEEEDVECEDDLILACQPESSVK	IMPACT	ENSP00000284202_D125E.L151V	IMPACT_L151V
ENSP00000361405_Q279R.T474P.S478P.T482P.R574P.R668Q	ENSP00000361405	matrix metallopeptidase 9 (gelatinase B, 92kDa gelatinase, 92kDa type IV collagenase)	KLDSVFEEPLSK	566	566	577	577	R574P	574	TRUE	saav	ENSP00000361405_Q279R.T474P.S478P.T482P.R574P.R668Q_KLDSVFEEPLSK	MMP9	ENSP00000361405_Q279R.T474P.S478P.T482P.R574P.R668Q	MMP9_R574P
ENSP00000337838_A71T	ENSP00000337838	reticulon 4	KPAAGLSAAPVPTTPAAGAPLMDFGNDFVPPAPR	58	58	91	91	A71T	71	TRUE	saav	ENSP00000337838_A71T_KPAAGLSAAPVPTTPAAGAPLMDFGNDFVPPAPR	RTN4	ENSP00000337838_A71T	RTN4_A71T
ENSP00000274569_A5P.E390D	ENSP00000274569	prenylcysteine oxidase 1 like	KQPQDAAVWR	386	386	395	395	E390D	390	TRUE	saav	ENSP00000274569_A5P.E390D_KQPQDAAVWR	PCYOX1L	ENSP00000274569_A5P.E390D	PCYOX1L_E390D
ENSP00000245907_R102G.F259V.P314L.G335A.V374M.V424F.R735W.G984V.W1077C.G1131C.G1572A	ENSP00000245907	complement component 3	KVLLDGVQNLR	305	305	315	315	P314L	314	TRUE	saav	ENSP00000245907_R102G.F259V.P314L.G335A.V374M.V424F.R735W.G984V.W1077C.G1131C.G1572A_KVLLDGVQNLR	C3	ENSP00000245907_R102G.F259V.P314L.G335A.V374M.V424F.R735W.G984V.W1077C.G1131C.G1572A	C3_P314L
ENSP00000418401_V9L.R109S	ENSP00000418401	signal recognition particle receptor, B subunit	LADGGGAGGTFQPYLDTLR	9	9	27	27	V9L	9	TRUE	saav	ENSP00000418401_V9L.R109S_LADGGGAGGTFQPYLDTLR	SRPRB	ENSP00000418401_V9L.R109S	SRPRB_V9L
ENSP00000376197_G142S.T491A	ENSP00000376197	transferrin receptor	LDSTDFTSTIK	135	135	145	145	G142S	142	TRUE	saav	ENSP00000376197_G142S.T491A_LDSTDFTSTIK	TFRC	ENSP00000376197_G142S.T491A	TFRC_G142S
ENSP00000374371_S439N.P1026H.N1151D.D1229Y	ENSP00000374371	spectrin, beta, erythrocytic	LEGLDTGWDALGR	1143	1143	1155	1155	N1151D	1151	TRUE	saav	ENSP00000374371_S439N.P1026H.N1151D.D1229Y_LEGLDTGWDALGR	SPTB	ENSP00000374371_S439N.P1026H.N1151D.D1229Y	SPTB_N1151D
ENSP00000365062_T461M	ENSP00000365062	acyl-CoA binding domain containing 5	LEMLTALQAK	459	459	468	468	T461M	461	TRUE	saav	ENSP00000365062_T461M_LEMLTALQAK	ACBD5	ENSP00000365062_T461M	ACBD5_T461M
ENSP00000311134_E122D.Q235L.E382Q	ENSP00000311134	RAB, member RAS oncogene family-like 6	LFGTSPATEAAPPPPEPVPAAQGPATVQSVEDFVPDDRLDR	361	361	401	401	E382Q	382	TRUE	saav	ENSP00000311134_E122D.Q235L.E382Q_LFGTSPATEAAPPPPEPVPAAQGPATVQSVEDFVPDDRLDR	RABL6	ENSP00000311134_E122D.Q235L.E382Q	RABL6_E382Q
ENSP00000445175_D111Y.V227M	ENSP00000445175	lactate dehydrogenase A	LGVHPLSCHGWVLGEHGDSSMPVWSGMNVAGVSLK	207	207	241	241	V227M	227	TRUE	saav	ENSP00000445175_D111Y.V227M_LGVHPLSCHGWVLGEHGDSSMPVWSGMNVAGVSLK	LDHA	ENSP00000445175_D111Y.V227M	LDHA_V227M
ENSP00000246043_K430R.K440R.Q446P.G449D.K450R.K460R.Q476P.A688S.L1043H.S1199L.V1254F	ENSP00000246043	ribosome binding protein 1	LHSLTQAKEESEK	1042	1042	1054	1054	L1043H	1043	TRUE	saav	ENSP00000246043_K430R.K440R.Q446P.G449D.K450R.K460R.Q476P.A688S.L1043H.S1199L.V1254F_LHSLTQAKEESEK	RRBP1	ENSP00000246043_K430R.K440R.Q446P.G449D.K450R.K460R.Q476P.A688S.L1043H.S1199L.V1254F	RRBP1_L1043H
ENSP00000378360_A185T.A334G	ENSP00000378360	dihydroxyacetone kinase 2 homolog (S. cerevisiae)	LIDAETTAGAWPNVAAVSITGR	326	326	347	347	A334G	334	TRUE	saav	ENSP00000378360_A185T.A334G_LIDAETTAGAWPNVAAVSITGR	DAK	ENSP00000378360_A185T.A334G	DAK_A334G
ENSP00000479032_M4L.E55Q	ENSP00000479032	immunoglobulin kappa variable 1-33	LLIYDASNLQTGVPSR	46	46	61	61	E55Q	55	TRUE	saav	ENSP00000479032_M4L.E55Q_LLIYDASNLQTGVPSR	IGKV1-33	ENSP00000479032_M4L.E55Q	IGKV1-33_E55Q
ENSP00000482934_T18F.T25A.R38S.S50G.S51N.Q57R.N73T.E99D.K122R.R127P	ENSP00000482934	immunoglobulin kappa variable 3-11	LLIYDASTR	66	66	74	74	N73T	73	TRUE	saav	ENSP00000482934_T18F.T25A.R38S.S50G.S51N.Q57R.N73T.E99D.K122R.R127P_LLIYDASTR	IGKV3-11	ENSP00000482934_T18F.T25A.R38S.S50G.S51N.Q57R.N73T.E99D.K122R.R127P	IGKV3-11_N73T
ENSP00000366927_R107L.V253M	ENSP00000366927	aldehyde dehydrogenase 1 family, member B1	LLNLLADLVER	104	104	114	114	R107L	107	TRUE	saav	ENSP00000366927_R107L.V253M_LLNLLADLVER	ALDH1B1	ENSP00000366927_R107L.V253M	ALDH1B1_R107L
ENSP00000316029_A219P.A282S.G876R.S1227L.V1402W.V2159G.G2292A.A2397S	ENSP00000316029	talin 1	LLSDLLPPSTGTFQEAQSR	1223	1223	1241	1241	S1227L	1227	TRUE	saav	ENSP00000316029_A219P.A282S.G876R.S1227L.V1402W.V2159G.G2292A.A2397S_LLSDLLPPSTGTFQEAQSR	TLN1	ENSP00000316029_A219P.A282S.G876R.S1227L.V1402W.V2159G.G2292A.A2397S	TLN1_S1227L
ENSP00000356770_M413T.N822T.K863R.H870R.K930E.M1769V.P1871S.I1907N.D2227G	ENSP00000356770	coagulation factor V (proaccelerin, labile factor)	LLSLGAGEFRSQEHAK	854	854	869	869	K863R	863	TRUE	saav	ENSP00000356770_M413T.N822T.K863R.H870R.K930E.M1769V.P1871S.I1907N.D2227G_LLSLGAGEFRSQEHAK	F5	ENSP00000356770_M413T.N822T.K863R.H870R.K930E.M1769V.P1871S.I1907N.D2227G	F5_K863R
ENSP00000295809_S179T.R409S.Y413N.T779S	ENSP00000295809	interferon, gamma-inducible protein 16	LPQEQSQLPNPSEASTTFPESHLR	404	404	427	427	R409S	409	TRUE	saav	ENSP00000295809_S179T.R409S.Y413N.T779S_LPQEQSQLPNPSEASTTFPESHLR	IFI16	ENSP00000295809_S179T.R409S.Y413N.T779S	IFI16_R409S
ENSP00000295809_S179T.R409S.Y413N.T779S	ENSP00000295809	interferon, gamma-inducible protein 16	LPQEQSQLPNPSEASTTFPESHLR	404	404	427	427	Y413N	413	TRUE	saav	ENSP00000295809_S179T.R409S.Y413N.T779S_LPQEQSQLPNPSEASTTFPESHLR	IFI16	ENSP00000295809_S179T.R409S.Y413N.T779S	IFI16_Y413N
ENSP00000230538_Y498H.G1117S.P1119R	ENSP00000230538	laminin, alpha 4	LSDLQEALDQALNHVR	485	485	500	500	Y498H	498	TRUE	saav	ENSP00000230538_Y498H.G1117S.P1119R_LSDLQEALDQALNHVR	LAMA4	ENSP00000230538_Y498H.G1117S.P1119R	LAMA4_Y498H
ENSP00000329161_P127L.D330N.C357Y.M558V	ENSP00000329161	septin 9	LTVIDTPGFGDHINNENYWQPIMK	340	340	363	363	C357Y	357	TRUE	saav	ENSP00000329161_P127L.D330N.C357Y.M558V_LTVIDTPGFGDHINNENYWQPIMK	SEPT9	ENSP00000329161_P127L.D330N.C357Y.M558V	SEPT9_C357Y
ENSP00000428619_G85V.T101A.K142R.N287K	ENSP00000428619	UTP14, U3 small nucleolar ribonucleoprotein, homolog C (yeast)	LVLADLLEPVK	84	84	94	94	G85V	85	TRUE	saav	ENSP00000428619_G85V.T101A.K142R.N287K_LVLADLLEPVK	UTP14C	ENSP00000428619_G85V.T101A.K142R.N287K	UTP14C_G85V
ENSP00000349259_Q447L.G600C.R890G.K1335N.Q1423P.Q1528H.Q1859P.W2119L	ENSP00000349259	spectrin, beta, non-erythrocytic 1	LVSLDNFGFDLPAVEAATK	444	444	462	462	Q447L	447	TRUE	saav	ENSP00000349259_Q447L.G600C.R890G.K1335N.Q1423P.Q1528H.Q1859P.W2119L_LVSLDNFGFDLPAVEAATK	SPTBN1	ENSP00000349259_Q447L.G600C.R890G.K1335N.Q1423P.Q1528H.Q1859P.W2119L	SPTBN1_Q447L
ENSP00000356505_K181R.G334A	ENSP00000356505	neutrophil cytosolic factor 2	LYEPVVIPVGR	171	171	181	181	K181R	181	TRUE	saav	ENSP00000356505_K181R.G334A_LYEPVVIPVGR	NCF2	ENSP00000356505_K181R.G334A	NCF2_K181R
ENSP00000276416_V20E.V100G	ENSP00000276416	bridging integrator 3	MDAFNQEKGNQIQK	92	92	105	105	V100G	100	TRUE	saav	ENSP00000276416_V20E.V100G_MDAFNQEKGNQIQK	BIN3	ENSP00000276416_V20E.V100G	BIN3_V100G
ENSP00000386965_V41I.G66V.E118Q.H335R	ENSP00000386965	capping protein (actin filament), gelsolin-like	MQYAPNTQVEILPQGR	320	320	335	335	H335R	335	TRUE	saav	ENSP00000386965_V41I.G66V.E118Q.H335R_MQYAPNTQVEILPQGR	CAPG	ENSP00000386965_V41I.G66V.E118Q.H335R	CAPG_H335R
ENSP00000384654_V158M	ENSP00000384654	catechol-O-methyltransferase	MVDFAGMKDK	152	152	161	161	V158M	158	TRUE	saav	ENSP00000384654_V158M_MVDFAGMKDK	COMT	ENSP00000384654_V158M	COMT_V158M
ENSP00000264613_E544D.T841R	ENSP00000264613	ceruloplasmin (ferroxidase)	MYYSAVDPTK	538	538	547	547	E544D	544	TRUE	saav	ENSP00000264613_E544D.T841R_MYYSAVDPTK	CP	ENSP00000264613_E544D.T841R	CP_E544D
ENSP00000264613_E544D.T841R	ENSP00000264613	ceruloplasmin (ferroxidase)	MYYSAVDPTKDIFTGLIGPMK	538	538	558	558	E544D	544	TRUE	saav	ENSP00000264613_E544D.T841R_MYYSAVDPTKDIFTGLIGPMK	CP	ENSP00000264613_E544D.T841R	CP_E544D
ENSP00000443120_P201L	ENSP00000443120	hepatoma-derived growth factor	NSTLSEPGSGR	198	198	208	208	P201L	201	TRUE	saav	ENSP00000443120_P201L_NSTLSEPGSGR	HDGF	ENSP00000443120_P201L	HDGF_P201L
ENSP00000378782_T195A	ENSP00000378782	quinolinate phosphoribosyltransferase	QAADFALK	190	190	197	197	T195A	195	TRUE	saav	ENSP00000378782_T195A_QAADFALK	QPRT	ENSP00000378782_T195A	QPRT_T195A
ENSP00000302176_L252Q	ENSP00000302176	alveolar soft part sarcoma chromosome region, candidate 1	QGGPPGPTRPLTSSSAK	252	252	268	268	L252Q	252	TRUE	saav	ENSP00000302176_L252Q_QGGPPGPTRPLTSSSAK	ASPSCR1	ENSP00000302176_L252Q	ASPSCR1_L252Q
ENSP00000370808_Q50R.G200D	ENSP00000370808	solute carrier family 25 (mitochondrial carrier; adenine nucleotide translocator), member 6	QIAADKR	44	44	50	50	Q50R	50	TRUE	saav	ENSP00000370808_Q50R.G200D_QIAADKR	SLC25A6	ENSP00000370808_Q50R.G200D	SLC25A6_Q50R
ENSP00000255194_V585E	ENSP00000255194	adaptor-related protein complex 3, beta 1 subunit	QLIVPNEK	579	579	586	586	V585E	585	TRUE	saav	ENSP00000255194_V585E_QLIVPNEK	AP3B1	ENSP00000255194_V585E	AP3B1_V585E
ENSP00000434228_V867G.A958V	ENSP00000434228	myosin XVIIIA	QNPATQNVPR	951	951	960	960	A958V	958	TRUE	saav	ENSP00000434228_V867G.A958V_QNPATQNVPR	MYO18A	ENSP00000434228_V867G.A958V	MYO18A_A958V
ENSP00000396899_P124S.S377R.V378F	ENSP00000396899	inner membrane protein, mitochondrial	QSASQLQK	123	123	130	130	P124S	124	TRUE	saav	ENSP00000396899_P124S.S377R.V378F_QSASQLQK	IMMT	ENSP00000396899_P124S.S377R.V378F	IMMT_P124S
ENSP00000261817_V17A.R134W.E196G	ENSP00000261817	proteasome (prosome, macropain) 26S subunit, non-ATPase, 9	QSGGSSQAGAVTVSDVQELMR	8	8	28	28	V17A	17	TRUE	saav	ENSP00000261817_V17A.R134W.E196G_QSGGSSQAGAVTVSDVQELMR	PSMD9	ENSP00000261817_V17A.R134W.E196G	PSMD9_V17A
ENSP00000407083_D445E.N699D	ENSP00000407083	peptidylprolyl isomerase G (cyclophilin G)	QSSQDDELK	694	694	702	702	N699D	699	TRUE	saav	ENSP00000407083_D445E.N699D_QSSQDDELK	PPIG	ENSP00000407083_D445E.N699D	PPIG_N699D
ENSP00000422542_S18Y.E109K	ENSP00000422542	ubiquitin carboxyl-terminal esterase L1 (ubiquitin thiolesterase)	QTIGNSCGTIGLIHAVANNQDKLGFKDGSVLK	84	84	115	115	E109K	109	TRUE	saav	ENSP00000422542_S18Y.E109K_QTIGNSCGTIGLIHAVANNQDKLGFKDGSVLK	UCHL1	ENSP00000422542_S18Y.E109K	UCHL1_E109K
ENSP00000378360_A185T.A334G	ENSP00000378360	dihydroxyacetone kinase 2 homolog (S. cerevisiae)	QVNVVTK	180	180	186	186	A185T	185	TRUE	saav	ENSP00000378360_A185T.A334G_QVNVVTK	DAK	ENSP00000378360_A185T.A334G	DAK_A185T
ENSP00000242351_R485K.G525V.H565Q.Q701E.T851I	ENSP00000242351	zinc finger CCCH-type, antiviral 1	RGPDHEPAK	696	696	704	704	Q701E	701	TRUE	saav	ENSP00000242351_R485K.G525V.H565Q.Q701E.T851I_RGPDHEPAK	ZC3HAV1	ENSP00000242351_R485K.G525V.H565Q.Q701E.T851I	ZC3HAV1_Q701E
ENSP00000374665_H199R.R223H.E689K.V780I	ENSP00000374665	glucosidase, alpha; acid	RYEVPLETPR	190	190	199	199	H199R	199	TRUE	saav	ENSP00000374665_H199R.R223H.E689K.V780I_RYEVPLETPR	GAA	ENSP00000374665_H199R.R223H.E689K.V780I	GAA_H199R
ENSP00000361878_V115L.M146I.C229G.C236G.I245S.C247G.Y249D.S256A	ENSP00000361878	CAP, adenylate cyclase-associated protein 1 (yeast)	SALFAQINQGESITHALK	255	255	272	272	S256A	256	TRUE	saav	ENSP00000361878_V115L.M146I.C229G.C236G.I245S.C247G.Y249D.S256A_SALFAQINQGESITHALK	CAP1	ENSP00000361878_V115L.M146I.C229G.C236G.I245S.C247G.Y249D.S256A	CAP1_S256A
ENSP00000374993_P125Q.P155Q.F230I.Y303F	ENSP00000374993	immunoglobulin heavy constant gamma 3 (G3m marker)	SCDTPPQCPRCPAPELLGGPSVFLFPPKPK	149	149	178	178	P155Q	155	TRUE	saav	ENSP00000374993_P125Q.P155Q.F230I.Y303F_SCDTPPQCPRCPAPELLGGPSVFLFPPKPK	IGHG3	ENSP00000374993_P125Q.P155Q.F230I.Y303F	IGHG3_P155Q
ENSP00000385834_K167N.A168P.G277S.I448V.D496N.R541V.G563R.Q624P	ENSP00000385834	transferrin	SDNCEDTPEAGYFAVAVVK	434	434	452	452	I448V	448	TRUE	saav	ENSP00000385834_K167N.A168P.G277S.I448V.D496N.R541V.G563R.Q624P_SDNCEDTPEAGYFAVAVVK	TF	ENSP00000385834_K167N.A168P.G277S.I448V.D496N.R541V.G563R.Q624P	TF_I448V
ENSP00000385834_K167N.A168P.G277S.I448V.D496N.R541V.G563R.Q624P	ENSP00000385834	transferrin	SDNCEDTPEAGYFAVAVVKK	434	434	453	453	I448V	448	TRUE	saav	ENSP00000385834_K167N.A168P.G277S.I448V.D496N.R541V.G563R.Q624P_SDNCEDTPEAGYFAVAVVKK	TF	ENSP00000385834_K167N.A168P.G277S.I448V.D496N.R541V.G563R.Q624P	TF_I448V
ENSP00000465461_G66C.A291T.G447V	ENSP00000465461	protein kinase C substrate 80K-H	SEALPTDLPTPSAPDLTEPK	282	282	301	301	A291T	291	TRUE	saav	ENSP00000465461_G66C.A291T.G447V_SEALPTDLPTPSAPDLTEPK	PRKCSH	ENSP00000465461_G66C.A291T.G447V	PRKCSH_A291T
ENSP00000311997_E463K.P615L	ENSP00000311997	neurofilament, heavy polypeptide	SEKETVIVEEQTEK	450	450	463	463	E463K	463	TRUE	saav	ENSP00000311997_E463K.P615L_SEKETVIVEEQTEK	NEFH	ENSP00000311997_E463K.P615L	NEFH_E463K
ENSP00000245907_R102G.F259V.P314L.G335A.V374M.V424F.R735W.G984V.W1077C.G1131C.G1572A	ENSP00000245907	complement component 3	SEKGGNK	98	98	104	104	R102G	102	TRUE	saav	ENSP00000245907_R102G.F259V.P314L.G335A.V374M.V424F.R735W.G984V.W1077C.G1131C.G1572A_SEKGGNK	C3	ENSP00000245907_R102G.F259V.P314L.G335A.V374M.V424F.R735W.G984V.W1077C.G1131C.G1572A	C3_R102G
ENSP00000406304_T12I.R127P.I276M.G346D.M349V.K528R.D575N.R725Q.Q730E	ENSP00000406304	endoplasmic reticulum aminopeptidase 1	SELLLLACVHNYQPCVQR	729	729	746	746	Q730E	730	TRUE	saav	ENSP00000406304_T12I.R127P.I276M.G346D.M349V.K528R.D575N.R725Q.Q730E_SELLLLACVHNYQPCVQR	ERAP1	ENSP00000406304_T12I.R127P.I276M.G346D.M349V.K528R.D575N.R725Q.Q730E	ERAP1_Q730E
ENSP00000359305_T175I	ENSP00000359305	transmembrane emp24 protein transport domain containing 5	SGHIQILLR	170	170	178	178	T175I	175	TRUE	saav	ENSP00000359305_T175I_SGHIQILLR	TMED5	ENSP00000359305_T175I	TMED5_T175I
ENSP00000378500_V161M.R268G.L339.R977P	ENSP00000378500	CAP-GLY domain containing linker protein 2	SGLLTETSSR	337	337	346	346	L339	339	TRUE	saav	ENSP00000378500_V161M.R268G.L339.R977P_SGLLTETSSR	CLIP2	ENSP00000378500_V161M.R268G.L339.R977P	CLIP2_L339
ENSP00000339001_G93S	ENSP00000339001	tubulin, beta class I	SGPFGQIFRPDNFVFSQSGAGNNWAK	78	78	103	103	G93S	93	TRUE	saav	ENSP00000339001_G93S_SGPFGQIFRPDNFVFSQSGAGNNWAK	TUBB	ENSP00000339001_G93S	TUBB_G93S
ENSP00000317674_E166K.M244I.R271K	ENSP00000317674	apolipoprotein L, 1	SKLEDNIR	165	165	172	172	E166K	166	TRUE	saav	ENSP00000317674_E166K.M244I.R271K_SKLEDNIR	APOL1	ENSP00000317674_E166K.M244I.R271K	APOL1_E166K
ENSP00000317674_E166K.M244I.R271K	ENSP00000317674	apolipoprotein L, 1	SKLEDNIRR	165	165	173	173	E166K	166	TRUE	saav	ENSP00000317674_E166K.M244I.R271K_SKLEDNIRR	APOL1	ENSP00000317674_E166K.M244I.R271K	APOL1_E166K
ENSP00000356399_V62I.P260S.H402Y.N1050Y	ENSP00000356399	complement factor H	SLGNIIMVCR	58	58	67	67	V62I	62	TRUE	saav	ENSP00000356399_V62I.P260S.H402Y.N1050Y_SLGNIIMVCR	CFH	ENSP00000356399_V62I.P260S.H402Y.N1050Y	CFH_V62I
ENSP00000472141_G60R	ENSP00000472141	calmodulin 3 (phosphorylase kinase, delta)	SLGQNPTEAELQDMINEVDADRNGTIDFPEFLTMMAR	39	39	75	75	G60R	60	TRUE	saav	ENSP00000472141_G60R_SLGQNPTEAELQDMINEVDADRNGTIDFPEFLTMMAR	CALM3	ENSP00000472141_G60R	CALM3_G60R
ENSP00000272298_G60V.D96Y	ENSP00000272298	calmodulin 2 (phosphorylase kinase, delta)	SLGQNPTEAELQDMINEVDADVNGTIDFPEFLTMMAR	39	39	75	75	G60V	60	TRUE	saav	ENSP00000272298_G60V.D96Y_SLGQNPTEAELQDMINEVDADVNGTIDFPEFLTMMAR	CALM2	ENSP00000272298_G60V.D96Y	CALM2_G60V
ENSP00000357206_V130A.V815I.P1101L.R1133S.P1275L	ENSP00000357206	nestin	SLKEESIEAVK	809	809	819	819	V815I	815	TRUE	saav	ENSP00000357206_V130A.V815I.P1101L.R1133S.P1275L_SLKEESIEAVK	NES	ENSP00000357206_V130A.V815I.P1101L.R1133S.P1275L	NES_V815I
ENSP00000385834_K167N.A168P.G277S.I448V.D496N.R541V.G563R.Q624P	ENSP00000385834	transferrin	SMGSKEDLIWELLNQAQEHFGK	274	274	295	295	G277S	277	TRUE	saav	ENSP00000385834_K167N.A168P.G277S.I448V.D496N.R541V.G563R.Q624P_SMGSKEDLIWELLNQAQEHFGK	TF	ENSP00000385834_K167N.A168P.G277S.I448V.D496N.R541V.G563R.Q624P	TF_G277S
ENSP00000385834_K167N.A168P.G277S.I448V.D496N.R541V.G563R.Q624P	ENSP00000385834	transferrin	SMGSKEDLIWELLNQAQEHFGKDK	274	274	297	297	G277S	277	TRUE	saav	ENSP00000385834_K167N.A168P.G277S.I448V.D496N.R541V.G563R.Q624P_SMGSKEDLIWELLNQAQEHFGKDK	TF	ENSP00000385834_K167N.A168P.G277S.I448V.D496N.R541V.G563R.Q624P	TF_G277S
ENSP00000321746_R83V.S136F.A345T.V370L.T381A.R428K.S492N	ENSP00000321746	PDZ and LIM domain 5	SMPESLDSPTSGRPGVTSLTTAAAFKPVGSTGVIK	325	325	359	359	A345T	345	TRUE	saav	ENSP00000321746_R83V.S136F.A345T.V370L.T381A.R428K.S492N_SMPESLDSPTSGRPGVTSLTTAAAFKPVGSTGVIK	PDLIM5	ENSP00000321746_R83V.S136F.A345T.V370L.T381A.R428K.S492N	PDLIM5_A345T
ENSP00000240123_I556T.R566C.T573A	ENSP00000240123	sorbin and SH3 domain containing 3	SPADPTDLGGQTSPR	551	551	565	565	I556T	556	TRUE	saav	ENSP00000240123_I556T.R566C.T573A_SPADPTDLGGQTSPR	SORBS3	ENSP00000240123_I556T.R566C.T573A	SORBS3_I556T
ENSP00000315013_L372M.A624P	ENSP00000315013	carnitine O-acetyltransferase	SPMVPLPMPK	370	370	379	379	L372M	372	TRUE	saav	ENSP00000315013_L372M.A624P_SPMVPLPMPK	CRAT	ENSP00000315013_L372M.A624P	CRAT_L372M
ENSP00000329124_G173R.S544P	ENSP00000329124	sortilin-related VPS10 domain containing receptor 2	SPSSESSTNK	543	543	552	552	S544P	544	TRUE	saav	ENSP00000329124_G173R.S544P_SPSSESSTNK	SORCS2	ENSP00000329124_G173R.S544P	SORCS2_S544P
ENSP00000254722_T72M	ENSP00000254722	serpin peptidase inhibitor, clade F (alpha-2 antiplasmin, pigment epithelium derived factor), member 1	SSMSPTTNVLLSPLSVATALSALSLGAEQR	70	70	99	99	T72M	72	TRUE	saav	ENSP00000254722_T72M_SSMSPTTNVLLSPLSVATALSALSLGAEQR	SERPINF1	ENSP00000254722_T72M	SERPINF1_T72M
ENSP00000455009_A112T	ENSP00000455009	ribosomal protein L13	STESLQTNVQR	106	106	116	116	A112T	112	TRUE	saav	ENSP00000455009_A112T_STESLQTNVQR	RPL13	ENSP00000455009_A112T	RPL13_A112T
ENSP00000433115_Q169E	ENSP00000433115	proteasome (prosome, macropain) 26S subunit, non-ATPase, 13	TAWGQEPDLAANEAQLLR	164	164	181	181	Q169E	169	TRUE	saav	ENSP00000433115_Q169E_TAWGQEPDLAANEAQLLR	PSMD13	ENSP00000433115_Q169E	PSMD13_Q169E
ENSP00000409303_G70E.P264L.V601D.K1185R	ENSP00000409303	golgin A3	TEDSNAGNSGGNVLAPDSTK	251	251	270	270	P264L	264	TRUE	saav	ENSP00000409303_G70E.P264L.V601D.K1185R_TEDSNAGNSGGNVLAPDSTK	GOLGA3	ENSP00000409303_G70E.P264L.V601D.K1185R	GOLGA3_P264L
ENSP00000255409_R145G	ENSP00000255409	chitinase 3-like 1 (cartilage glycoprotein-39)	THGFDGLDLAWLYPGRGDK	129	129	147	147	R145G	145	TRUE	saav	ENSP00000255409_R145G_THGFDGLDLAWLYPGRGDK	CHI3L1	ENSP00000255409_R145G	CHI3L1_R145G
ENSP00000477306_P106L.T119S	ENSP00000477306	tubulin, alpha 8	TIQFVDWCLTGFK	98	98	110	110	P106L	106	TRUE	saav	ENSP00000477306_P106L.T119S_TIQFVDWCLTGFK	TUBA8	ENSP00000477306_P106L.T119S	TUBA8_P106L
ENSP00000282574_L9I	ENSP00000282574	TIA1 cytotoxic granule-associated RNA binding protein	TIYVGNLSR	8	8	16	16	L9I	9	TRUE	saav	ENSP00000282574_L9I_TIYVGNLSR	TIA1	ENSP00000282574_L9I	TIA1_L9I
ENSP00000412295_P63T.A131V.S244L.K326R	ENSP00000412295	neurofilament, medium polypeptide	TKVEAPK	63	63	69	69	P63T	63	TRUE	saav	ENSP00000412295_P63T.A131V.S244L.K326R_TKVEAPK	NEFM	ENSP00000412295_P63T.A131V.S244L.K326R	NEFM_P63T
ENSP00000348380_S97L.L346F	ENSP00000348380	cytochrome P450, family 20, subfamily A, polypeptide 1	TLDPFETMLK	96	96	105	105	S97L	97	TRUE	saav	ENSP00000348380_S97L.L346F_TLDPFETMLK	CYP20A1	ENSP00000348380_S97L.L346F	CYP20A1_S97L
ENSP00000320176_T235A.E361K.E388K.V436L	ENSP00000320176	hematopoietic cell-specific Lyn substrate 1	TLEGLQVEEEPVYK	348	348	361	361	E361K	361	TRUE	saav	ENSP00000320176_T235A.E361K.E388K.V436L_TLEGLQVEEEPVYK	HCLS1	ENSP00000320176_T235A.E361K.E388K.V436L	HCLS1_E361K
ENSP00000374987_P72T.V161M.T218A.S257A	ENSP00000374987	immunoglobulin heavy constant gamma 2 (G2m marker)	TPEVTCVVVDVSHEDPEVQFNWYVDGMEVHNAK	135	135	167	167	V161M	161	TRUE	saav	ENSP00000374987_P72T.V161M.T218A.S257A_TPEVTCVVVDVSHEDPEVQFNWYVDGMEVHNAK	IGHG2	ENSP00000374987_P72T.V161M.T218A.S257A	IGHG2_V161M
ENSP00000311572_A27S	ENSP00000311572	prostaglandin reductase 1	TSELPPLK	26	26	33	33	A27S	27	TRUE	saav	ENSP00000311572_A27S_TSELPPLK	PTGR1	ENSP00000311572_A27S	PTGR1_A27S
ENSP00000295809_S179T.R409S.Y413N.T779S	ENSP00000295809	interferon, gamma-inducible protein 16	TSLSAPPNTSSTENPK	171	171	186	186	S179T	179	TRUE	saav	ENSP00000295809_S179T.R409S.Y413N.T779S_TSLSAPPNTSSTENPK	IFI16	ENSP00000295809_S179T.R409S.Y413N.T779S	IFI16_S179T
ENSP00000457421_V125L.S563N.R670G	ENSP00000457421	platelet/endothelial cell adhesion molecule 1	TTAEYQLLVEGVPSPR	119	119	134	134	V125L	125	TRUE	saav	ENSP00000457421_V125L.S563N.R670G_TTAEYQLLVEGVPSPR	PECAM1	ENSP00000457421_V125L.S563N.R670G	PECAM1_V125L
ENSP00000320176_T235A.E361K.E388K.V436L	ENSP00000320176	hematopoietic cell-specific Lyn substrate 1	TTPIEAASSGAR	225	225	236	236	T235A	235	TRUE	saav	ENSP00000320176_T235A.E361K.E388K.V436L_TTPIEAASSGAR	HCLS1	ENSP00000320176_T235A.E361K.E388K.V436L	HCLS1_T235A
ENSP00000334153_V421I	ENSP00000334153	raftlin, lipid raft linker 1	TTSEGSISTK	415	415	424	424	V421I	421	TRUE	saav	ENSP00000334153_V421I_TTSEGSISTK	RFTN1	ENSP00000334153_V421I	RFTN1_V421I
ENSP00000236959_T116S	ENSP00000236959	5-aminoimidazole-4-carboxamide ribonucleotide formyltransferase/IMP cyclohydrolase	TVASPGVSVEEAVEQIDIGGVTLLR	109	109	133	133	T116S	116	TRUE	saav	ENSP00000236959_T116S_TVASPGVSVEEAVEQIDIGGVTLLR	ATIC	ENSP00000236959_T116S	ATIC_T116S
ENSP00000374820_M22L.G43R	ENSP00000374820	immunoglobulin lambda variable 6-57	TVTISCTR	36	36	43	43	G43R	43	TRUE	saav	ENSP00000374820_M22L.G43R_TVTISCTR	IGLV6-57	ENSP00000374820_M22L.G43R	IGLV6-57_G43R
ENSP00000265077_K1516R.R1826H.F2301Y.D2937Y	ENSP00000265077	versican	TYGQVSGEAIK	2936	2936	2946	2946	D2937Y	2937	TRUE	saav	ENSP00000265077_K1516R.R1826H.F2301Y.D2937Y_TYGQVSGEAIK	VCAN	ENSP00000265077_K1516R.R1826H.F2301Y.D2937Y	VCAN_D2937Y
ENSP00000367263_V289I.K1481R.T1576M.K1763R.D1785G.E2176D.G2527D.Q3003K.D3312E.S3724P.I5483T	ENSP00000367263	AHNAK nucleoprotein	VDIDTPDINIEGPEGK	3712	3712	3727	3727	S3724P	3724	TRUE	saav	ENSP00000367263_V289I.K1481R.T1576M.K1763R.D1785G.E2176D.G2527D.Q3003K.D3312E.S3724P.I5483T_VDIDTPDINIEGPEGK	AHNAK	ENSP00000367263_V289I.K1481R.T1576M.K1763R.D1785G.E2176D.G2527D.Q3003K.D3312E.S3724P.I5483T	AHNAK_S3724P
ENSP00000477306_P106L.T119S	ENSP00000477306	tubulin, alpha 8	VGINYQPPSVVPGGDLAK	111	111	128	128	T119S	119	TRUE	saav	ENSP00000477306_P106L.T119S_VGINYQPPSVVPGGDLAK	TUBA8	ENSP00000477306_P106L.T119S	TUBA8_T119S
ENSP00000300527_K300R.K309R.S399N.E578D.R680H	ENSP00000300527	collagen, type VI, alpha 2	VGVVQYSHEGTFEAIQLDDEHIDSLSSFK	660	660	688	688	R680H	680	TRUE	saav	ENSP00000300527_K300R.K309R.S399N.E578D.R680H_VGVVQYSHEGTFEAIQLDDEHIDSLSSFK	COL6A2	ENSP00000300527_K300R.K309R.S399N.E578D.R680H	COL6A2_R680H
ENSP00000386425_R264H	ENSP00000386425	glycerol-3-phosphate dehydrogenase 2 (mitochondrial)	VHVSGAR	263	263	269	269	R264H	264	TRUE	saav	ENSP00000386425_R264H_VHVSGAR	GPD2	ENSP00000386425_R264H	GPD2_R264H
ENSP00000339399_I176V	ENSP00000339399	crystallin, zeta (quinone reductase)	VLGTAGTEEGQK	176	176	187	187	I176V	176	TRUE	saav	ENSP00000339399_I176V_VLGTAGTEEGQK	CRYZ	ENSP00000339399_I176V	CRYZ_I176V
ENSP00000419058_L9F.S34P.I43V.S52G.S53H.K64T.L68V.S99G	ENSP00000419058	immunoglobulin kappa variable 1-39 (gene/pseudogene)	VLIYAASSLQSGVPSR	68	68	83	83	L68V	68	TRUE	saav	ENSP00000419058_L9F.S34P.I43V.S52G.S53H.K64T.L68V.S99G_VLIYAASSLQSGVPSR	IGKV1-39	ENSP00000419058_L9F.S34P.I43V.S52G.S53H.K64T.L68V.S99G	IGKV1-39_L68V
ENSP00000245907_R102G.F259V.P314L.G335A.V374M.V424F.R735W.G984V.W1077C.G1131C.G1572A	ENSP00000245907	complement component 3	VLLDGVQNLR	306	306	315	315	P314L	314	TRUE	saav	ENSP00000245907_R102G.F259V.P314L.G335A.V374M.V424F.R735W.G984V.W1077C.G1131C.G1572A_VLLDGVQNLR	C3	ENSP00000245907_R102G.F259V.P314L.G335A.V374M.V424F.R735W.G984V.W1077C.G1131C.G1572A	C3_P314L
ENSP00000298251_M218V.D317Y.N324S	ENSP00000298251	hepatic and glial cell adhesion molecule	VLMEDDDLYSCVVENPISQGR	207	207	227	227	M218V	218	TRUE	saav	ENSP00000298251_M218V.D317Y.N324S_VLMEDDDLYSCVVENPISQGR	HEPACAM	ENSP00000298251_M218V.D317Y.N324S	HEPACAM_M218V
ENSP00000308493_S234P	ENSP00000308493	leucine-rich repeats and calponin homology (CH) domain containing 1	VLPQELVDLPLVK	225	225	237	237	S234P	234	TRUE	saav	ENSP00000308493_S234P_VLPQELVDLPLVK	LRCH1	ENSP00000308493_S234P	LRCH1_S234P
ENSP00000262097_V72M.I93V.V246A	ENSP00000262097	N-acylsphingosine amidohydrolase (acid ceramidase) 1	VMQVVDEK	93	93	100	100	I93V	93	TRUE	saav	ENSP00000262097_V72M.I93V.V246A_VMQVVDEK	ASAH1	ENSP00000262097_V72M.I93V.V246A	ASAH1_I93V
ENSP00000443478_G153V.Q539R.Q680R.R802L.G892D.R1066H.G1113D.T1114A.E1293*	ENSP00000443478	tenascin C	VPGDQTSTIIR	670	670	680	680	Q680R	680	TRUE	saav	ENSP00000443478_G153V.Q539R.Q680R.R802L.G892D.R1066H.G1113D.T1114A.E1293*_VPGDQTSTIIR	TNC	ENSP00000443478_G153V.Q539R.Q680R.R802L.G892D.R1066H.G1113D.T1114A.E1293*	TNC_Q680R
ENSP00000306881_L211V.V272I	ENSP00000306881	Sec23 homolog A (S. cerevisiae)	VPVTQATR	209	209	216	216	L211V	211	TRUE	saav	ENSP00000306881_L211V.V272I_VPVTQATR	SEC23A	ENSP00000306881_L211V.V272I	SEC23A_L211V
ENSP00000359504_G64A.S213N.T349S.A409G	ENSP00000359504	guanylate binding protein 1, interferon-inducible	VQLPTESLQELLDLHR	343	343	358	358	T349S	349	TRUE	saav	ENSP00000359504_G64A.S213N.T349S.A409G_VQLPTESLQELLDLHR	GBP1	ENSP00000359504_G64A.S213N.T349S.A409G	GBP1_T349S
ENSP00000359504_G64A.S213N.T349S.A409G	ENSP00000359504	guanylate binding protein 1, interferon-inducible	VQLPTESLQELLDLHRDSER	343	343	362	362	T349S	349	TRUE	saav	ENSP00000359504_G64A.S213N.T349S.A409G_VQLPTESLQELLDLHRDSER	GBP1	ENSP00000359504_G64A.S213N.T349S.A409G	GBP1_T349S
ENSP00000480121_G16E.L23V.Y50F.C52S.M99L.T118R.K121R.G126S	ENSP00000480121	immunoglobulin lambda-like polypeptide 5	VTVLSQPK	122	122	129	129	G126S	126	TRUE	saav	ENSP00000480121_G16E.L23V.Y50F.C52S.M99L.T118R.K121R.G126S_VTVLSQPK	IGLL5	ENSP00000480121_G16E.L23V.Y50F.C52S.M99L.T118R.K121R.G126S	IGLL5_G126S
ENSP00000347872_G256V	ENSP00000347872	vesicle amine transport 1	VVDIVMDPLGGSDTAK	256	256	271	271	G256V	256	TRUE	saav	ENSP00000347872_G256V_VVDIVMDPLGGSDTAK	VAT1	ENSP00000347872_G256V	VAT1_G256V
ENSP00000263525_I17V.A128S.R643K.G773V	ENSP00000263525	tenascin R	VVYSTLAGEQYHEVLVPK	626	626	643	643	R643K	643	TRUE	saav	ENSP00000263525_I17V.A128S.R643K.G773V_VVYSTLAGEQYHEVLVPK	TNR	ENSP00000263525_I17V.A128S.R643K.G773V	TNR_R643K
ENSP00000314649_H180Y	ENSP00000314649	aldehyde dehydrogenase 5 family, member A1	VYGDIIYTPAK	174	174	184	184	H180Y	180	TRUE	saav	ENSP00000314649_H180Y_VYGDIIYTPAK	ALDH5A1	ENSP00000314649_H180Y	ALDH5A1_H180Y
ENSP00000366002_Q94H.T97I.I119V.S129P.R138Q.E176V	ENSP00000366002	major histocompatibility complex, class I, A	WEAAHVAEQLR	171	171	181	181	E176V	176	TRUE	saav	ENSP00000366002_Q94H.T97I.I119V.S129P.R138Q.E176V_WEAAHVAEQLR	HLA-A	ENSP00000366002_Q94H.T97I.I119V.S129P.R138Q.E176V	HLA-A_E176V
ENSP00000260197_Q95P.E468G.Q1074E.E1272K.A1457T.K1774T.V1967I.V2022F	ENSP00000260197	sortilin-related receptor, L(DLR class) A repeats containing	WESPYDSPDQDLLYAIAVK	1952	1952	1970	1970	V1967I	1967	TRUE	saav	ENSP00000260197_Q95P.E468G.Q1074E.E1272K.A1457T.K1774T.V1967I.V2022F_WESPYDSPDQDLLYAIAVK	SORL1	ENSP00000260197_Q95P.E468G.Q1074E.E1272K.A1457T.K1774T.V1967I.V2022F	SORL1_V1967I
ENSP00000371419_S122N.F215Y.V294A.S873N.A899T.M936T.V1012I.V1065A.L1080R.R1108C.G1265A.G1280R.P1328T.S1394A.S1459Y.L1550P.I1564T.A1656P	ENSP00000371419	poly (ADP-ribose) polymerase family, member 4	WQQLNPDAPEALQAPAQVPSLFR	1058	1058	1080	1080	V1065A	1065	TRUE	saav	ENSP00000371419_S122N.F215Y.V294A.S873N.A899T.M936T.V1012I.V1065A.L1080R.R1108C.G1265A.G1280R.P1328T.S1394A.S1459Y.L1550P.I1564T.A1656P_WQQLNPDAPEALQAPAQVPSLFR	PARP4	ENSP00000371419_S122N.F215Y.V294A.S873N.A899T.M936T.V1012I.V1065A.L1080R.R1108C.G1265A.G1280R.P1328T.S1394A.S1459Y.L1550P.I1564T.A1656P	PARP4_V1065A
ENSP00000371419_S122N.F215Y.V294A.S873N.A899T.M936T.V1012I.V1065A.L1080R.R1108C.G1265A.G1280R.P1328T.S1394A.S1459Y.L1550P.I1564T.A1656P	ENSP00000371419	poly (ADP-ribose) polymerase family, member 4	WQQLNPDAPEALQAPAQVPSLFR	1058	1058	1080	1080	L1080R	1080	TRUE	saav	ENSP00000371419_S122N.F215Y.V294A.S873N.A899T.M936T.V1012I.V1065A.L1080R.R1108C.G1265A.G1280R.P1328T.S1394A.S1459Y.L1550P.I1564T.A1656P_WQQLNPDAPEALQAPAQVPSLFR	PARP4	ENSP00000371419_S122N.F215Y.V294A.S873N.A899T.M936T.V1012I.V1065A.L1080R.R1108C.G1265A.G1280R.P1328T.S1394A.S1459Y.L1550P.I1564T.A1656P	PARP4_L1080R
ENSP00000374665_H199R.R223H.E689K.V780I	ENSP00000374665	glucosidase, alpha; acid	YEVPLETPR	191	191	199	199	H199R	199	TRUE	saav	ENSP00000374665_H199R.R223H.E689K.V780I_YEVPLETPR	GAA	ENSP00000374665_H199R.R223H.E689K.V780I	GAA_H199R
ENSP00000353099_S29A.S66Y	ENSP00000353099	major histocompatibility complex, class II, DR beta 1	YFYNQEEYVR	59	59	68	68	S66Y	66	TRUE	saav	ENSP00000353099_S29A.S66Y_YFYNQEEYVR	HLA-DRB1	ENSP00000353099_S29A.S66Y	HLA-DRB1_S66Y
ENSP00000236957_G27E.E110D	ENSP00000236957	eukaryotic translation elongation factor 1 beta 2	YGPADVEDTTGSGATDSKDDDDIDLFGSDDEDESEEAKR	79	79	117	117	E110D	110	TRUE	saav	ENSP00000236957_G27E.E110D_YGPADVEDTTGSGATDSKDDDDIDLFGSDDEDESEEAKR	EEF1B2	ENSP00000236957_G27E.E110D	EEF1B2_E110D
ENSP00000366453_D482E.M668I.A727S.I875T	ENSP00000366453	tight junction protein 2	YQEEPPAPQPK	479	479	489	489	D482E	482	TRUE	saav	ENSP00000366453_D482E.M668I.A727S.I875T_YQEEPPAPQPK	TJP2	ENSP00000366453_D482E.M668I.A727S.I875T	TJP2_D482E
ENSP00000386965_V41I.G66V.E118Q.H335R	ENSP00000386965	capping protein (actin filament), gelsolin-like	YQQGGVESAFHK	116	116	127	127	E118Q	118	TRUE	saav	ENSP00000386965_V41I.G66V.E118Q.H335R_YQQGGVESAFHK	CAPG	ENSP00000386965_V41I.G66V.E118Q.H335R	CAPG_E118Q
ENSP00000378500_V161M.R268G.L339.R977P	ENSP00000378500	CAP-GLY domain containing linker protein 2	YSLIDPSSAPELLR	972	972	985	985	R977P	977	TRUE	saav	ENSP00000378500_V161M.R268G.L339.R977P_YSLIDPSSAPELLR	CLIP2	ENSP00000378500_V161M.R268G.L339.R977P	CLIP2_R977P
